,Simulation Number,ExitSlit.openingHeight,CPMU20.photonEnergy,PG.cFactor,PG.orderDiffraction,CPMU20.numberRays,M1.roughnessCoating1,PremirrorM2.roughnessCoating1,PG.roughnessSubstrate,M3.roughnessCoating1,KB_ver.roughnessCoating1,KB_hor.roughnessCoating1,SourcePhotonFlux,SourceBandwidth,NumberRaysSurvived,PercentageRaysSurvived,PhotonEnergy,Bandwidth,HorizontalFocusFWHM,VerticalFocusFWHM,HorizontalCenter,VerticalCenter,PhotonFlux1,EnergyPerMilPerBw,FluxPerMilPerBwPerc,FluxPerMilPerBwAbs1,AXUVCurrentAmp1,GaAsPCurrentAmp1
0,0,0.01,500.0,5,1,500000.0,0.0,0.0,0.0,0.0,0.0,0.0,,0.5,7891.85,1.578370000000001,500.0,0.0199643502886834,0.009277815718254,0.0031346435741791,-0.0006769055160585,-1.2225043466614864e-06,21896416441239.887,25.351780276591445,40.01283856824993,555090236311198.06,0.0004751328359235,0.0002656867785391
1,1,0.01,500.0,5,1,500000.0,0.3,0.3,0.3,0.3,0.3,0.3,,0.5,7906.3,1.5812600000000003,500.0,0.0196795549271621,0.0093072069166703,0.0031111542129882,-0.0006779093383905,-2.3243250748009318e-07,21936508842587.6,25.660556720174757,40.57812640706769,562932363269973.6,0.0004760028055098,0.0002661732517931
2,2,0.01,500.0,5,1,500000.0,0.1,0.0,0.0,0.0,0.0,0.0,,0.5,7909.51,1.5819020000000004,500.0,0.0193497074925835,0.0092520745698561,0.003133616321904,-0.0006762233084345,1.8526021263569686e-07,21945415182264.16,26.08808575187255,41.275790203349786,572610915839629.8,0.0004761960651895,0.0002662813195541
3,3,0.01,500.0,5,1,500000.0,0.3,0.0,0.0,0.0,0.0,0.0,,0.5,7897.75,1.5795500000000002,500.0,0.019985141499921,0.0092078812876964,0.0030982456509763,-0.0006712560491681,-2.357029287000124e-06,21912786349056.598,25.296338535576805,39.96053733456775,554364671587403.7,0.0004754880484189,0.000265885407757
4,4,0.01,500.0,5,1,500000.0,0.5,0.0,0.0,0.0,0.0,0.0,,0.5,7914.21,1.582842,500.0,0.0198094229793661,0.0092640384564721,0.0030920888718886,-0.0006729676300639,-7.538693110694881e-07,21958455617304.586,25.469536517514936,40.31033007878478,559217277500782.2,0.0004764790310756,0.000266439549609
5,5,0.01,500.0,5,1,500000.0,1.5,0.0,0.0,0.0,0.0,0.0,,0.5,7894.85,1.5789700000000002,500.0,0.0194775446775196,0.0092027278636813,0.0031327279568195,-0.0006738426617137,1.1146824979319686e-06,21904740123180.598,25.98552325399822,41.02761365529479,569168011421045.2,0.0004753134524466,0.0002657877764465
6,6,0.01,500.0,5,1,500000.0,0.0,0.1,0.0,0.0,0.0,0.0,,0.5,7889.76,1.5779519999999996,500.0,0.0196421974629475,0.0092023638160901,0.0031220033325755,-0.0006760853641388,7.573916045520121e-07,21890617609487.867,25.85115318267581,40.78965615386318,565866873825511.1,0.0004750070064124,0.0002656164166636
7,7,0.01,500.0,5,1,500000.0,0.0,0.3,0.0,0.0,0.0,0.0,,0.5,7893.62,1.5787240000000002,500.0,0.0197785303380254,0.0092128677722678,0.0031510954156464,-0.0006795451048722,1.0930144610122168e-06,21901327413584.92,25.577002733711858,40.37902111698613,560170214757723.25,0.0004752393996722,0.0002657463673045
8,8,0.01,500.0,5,1,500000.0,0.0,0.5,0.0,0.0,0.0,0.0,,0.5,7899.2,1.5798399999999997,500.0,0.019416079622311,0.009276722978931,0.003136664563363,-0.0006807668889391,4.3010849198573524e-07,21916809461994.613,26.15716832788213,41.324797083529575,573290778645500.9,0.0004755753464051,0.0002659342234122
9,9,0.01,500.0,5,1,500000.0,0.0,1.5,0.0,0.0,0.0,0.0,,0.5,7900.56,1.5801120000000006,500.0,0.0200892735178984,0.0093142495303632,0.0031225170238378,-0.0006710839692895,6.715280672670722e-07,21920582864474.39,25.185188988043787,39.795484773702704,552074929887172.0,0.0004756572258956,0.0002659800091303
10,10,0.01,500.0,5,1,500000.0,0.0,0.0,0.1,0.0,0.0,0.0,,0.5,7897.97,1.5795940000000002,500.0,0.0197517731991677,0.009320975787152,0.0031087612838632,-0.0006770418410117,8.1722038504941e-07,21913396752398.93,25.61068920505174,40.44676023358284,561109946193548.4,0.0004755012936306,0.0002658928142702
11,11,0.01,500.0,5,1,500000.0,0.0,0.0,0.3,0.0,0.0,0.0,,0.5,7886.45,1.5772900000000003,500.0,0.0199017920603711,0.0091858008883709,0.0031235833630955,-0.0006812006184825,-1.8724506045348813e-08,21881433813746.63,25.39518369415772,40.04776511610973,555574765437316.56,0.000474807726182,0.0002655049823057
12,12,0.01,500.0,5,1,500000.0,0.0,0.0,0.5,0.0,0.0,0.0,,0.5,7908.08,1.581616,500.0,0.0199394220462175,0.0092780272479954,0.0031227799523951,-0.0006873789384201,-1.0554866208159655e-06,21941447560539.08,25.3915177517173,40.15925333550165,557121419567906.06,0.0004761099713135,0.0002662331772182
13,13,0.01,500.0,5,1,500000.0,0.0,0.0,1.5,0.0,0.0,0.0,,0.5,7894.58,1.5789160000000009,500.0,0.0199523010185566,0.0092523304613278,0.0031080454103772,-0.0006753441268325,2.092272047193869e-06,21903990991805.934,25.31648214653873,39.96857197065464,554476134512897.7,0.0004752971969595,0.0002657786866348
14,14,0.01,500.0,5,1,500000.0,0.0,0.0,0.0,0.1,0.0,0.0,,0.5,7910.6,1.58212,500.0,0.0197845863998275,0.0093532618169396,0.0031192578410797,-0.0006803981717678,-1.1413411480342436e-06,21948439453369.277,25.535162682659816,40.39484216266973,560389697011456.2,0.0004762616891929,0.0002663180154604
15,15,0.01,500.0,5,1,500000.0,0.0,0.0,0.0,0.3,0.0,0.0,,0.5,7886.89,1.5773780000000002,500.0,0.0201584983374169,0.0092525428766445,0.0031172040482708,-0.0006781649875928,3.955513274578655e-07,21882654620431.26,25.01748638671932,39.46199809526047,547448534815815.25,0.0004748342166054,0.0002655197953322
16,16,0.01,500.0,5,1,500000.0,0.0,0.0,0.0,0.5,0.0,0.0,,0.5,7894.69,1.5789380000000002,500.0,0.0198588749298823,0.0092682075803601,0.0031256493200817,-0.0006788244058862,1.5098286479313148e-06,21904296193477.094,25.49481456293451,40.25629092711048,558467602982645.6,0.0004753038195654,0.0002657823898914
17,17,0.01,500.0,5,1,500000.0,0.0,0.0,0.0,1.5,0.0,0.0,,0.5,7884.38,1.5768759999999995,500.0,0.0200190751038831,0.0092462702977869,0.0031178356351784,-0.0006632499116242,2.563581165206936e-06,21875690473207.54,25.227228080937422,39.775271013436026,551794508368362.9,0.000474683100781,0.0002654352937496
18,18,0.01,500.0,5,1,500000.0,0.0,0.0,0.0,0.0,0.1,0.0,,0.5,7886.92,1.577384,500.0,0.0202944757084042,0.0093067493508477,0.0031179078218692,-0.0006710385866314,-6.010529352345719e-07,21882737857250.68,24.91033189021043,39.29013424498988,545064301437888.0,0.0004748360227706,0.0002655208053112
19,19,0.01,500.0,5,1,500000.0,0.0,0.0,0.0,0.0,0.3,0.0,,0.5,7889.6,1.5779199999999995,500.0,0.0197757829482844,0.0093106685060887,0.0031275217612966,-0.0006750436744712,-1.1651088119197064e-06,21890173679784.38,25.55495994713376,40.323748047011634,559403422333800.3,0.0004749973735312,0.0002656110301085
20,20,0.01,500.0,5,1,500000.0,0.0,0.0,0.0,0.0,0.5,0.0,,0.5,7900.48,1.5800960000000002,500.0,0.0200884670915365,0.0091822981171119,0.0031003990354872,-0.0006853367255014,-1.8130151706153671e-06,21920360899622.64,25.267390219663195,39.92911307617424,553928729033920.06,0.000475652409455,0.0002659773158527
21,21,0.01,500.0,5,1,500000.0,0.0,0.0,0.0,0.0,1.5,0.0,,0.5,7891.18,1.5782360000000002,500.0,0.0198128719476778,0.009278465350822,0.0031175376442877,-0.0006817275714606,-5.970216550930757e-08,21894557485606.46,25.45349146338397,40.16713326869661,557230736330620.94,0.0004750924982334,0.0002656642223398
22,22,0.01,500.0,5,1,500000.0,0.0,0.0,0.0,0.0,0.0,0.1,,0.5,7901.56,1.5803120000000004,500.0,0.0201359268609354,0.0093230913082472,0.0030905450877972,-0.0006841006319565,-4.358355455721022e-07,21923357425121.285,25.145389777474247,39.73969522852874,551300972504430.9,0.0004757174314033,0.0002660136750994
23,23,0.01,500.0,5,1,500000.0,0.0,0.0,0.0,0.0,0.0,0.3,,0.5,7891.23,1.578246,500.0,0.0198464876760857,0.0091720054572956,0.0031260924763755,-0.0006816007861238,9.617189182295254e-07,21894696213638.82,25.48269413162896,40.218553427259806,557944078072655.4,0.0004750955085088,0.0002656659056382
24,24,0.01,500.0,5,1,500000.0,0.0,0.0,0.0,0.0,0.0,0.5,,0.5,7893.65,1.5787299999999995,500.0,0.0201042885145295,0.009200846437387,0.0031174624465311,-0.0006746742416134,-2.435327810934569e-06,21901410650404.3,25.13783510945588,39.684640456741526,550537208488306.9,0.0004752412058374,0.0002657473772835
25,25,0.01,500.0,5,1,500000.0,0.0,0.0,0.0,0.0,0.0,1.5,,0.5,7896.21,1.5792419999999998,500.0,0.0199167476766302,0.0092541888617089,0.0030999330776724,-0.0006706829866609,-2.585026835810415e-06,21908513525660.38,25.41256610513451,40.13010529002862,556717054468388.5,0.0004753953319371,0.0002658335621645
26,26,0.01,750.0,5,1,500000.0,0.0,0.0,0.0,0.0,0.0,0.0,,0.75,11272.17,2.2544340000000003,750.0,0.0349588725462535,0.0091634936727793,0.0031284565386691,-0.0005875502458104,1.841556711290024e-06,25498244891577.164,21.65240498135969,48.82156896966006,552184859516586.9,0.0008330285793442,0.0004709573817321
27,27,0.01,750.0,5,1,500000.0,0.3,0.3,0.3,0.3,0.3,0.3,,0.75,11252.0,2.250399999999999,750.0,0.0350223597766648,0.00913651011747,0.0031419664806717,-0.0005872984919727,-1.2306531187521796e-06,25452619284487.92,21.606996469357565,48.617040103572,549871583938366.8,0.0008315379891167,0.0004701146681827
28,28,0.01,750.0,5,1,500000.0,0.1,0.0,0.0,0.0,0.0,0.0,,0.75,11252.95,2.2505900000000016,750.0,0.0360395181730518,0.0092279323579772,0.0031262044543707,-0.0005892831792685,7.183150586414984e-09,25454768234747.445,20.966209926401184,47.18545409234541,533679967462740.06,0.0008316081953991,0.0004701543596985
29,29,0.01,750.0,5,1,500000.0,0.3,0.0,0.0,0.0,0.0,0.0,,0.75,11272.84,2.254568000000001,750.0,0.0360207764380174,0.009113005987133,0.0031313686070611,-0.0005919987661697,1.0997785776726892e-06,25499760467023.36,20.994335347854676,47.33965121737728,535423977735668.6,0.0008330780932487,0.0004709853746958
30,30,0.01,750.0,5,1,500000.0,0.5,0.0,0.0,0.0,0.0,0.0,,0.75,11272.66,2.254532,750.0,0.0361068462436878,0.0091483022235791,0.0031387277811828,-0.000581563691758,4.509454026629121e-07,25499353297500.496,20.973041822405992,47.28254641391169,534778107302889.8,0.0008330647910057,0.0004709778541981
31,31,0.01,750.0,5,1,500000.0,1.5,0.0,0.0,0.0,0.0,0.0,,0.75,11264.29,2.252858,750.0,0.0353230525265177,0.0091080202254149,0.0031231699692333,-0.0005856698660229,1.1157317655250735e-06,25480419914687.555,21.39730323154436,48.20935815728135,545260593284218.0,0.000832446236707,0.0004706281510544
32,32,0.01,750.0,5,1,500000.0,0.0,0.1,0.0,0.0,0.0,0.0,,0.75,11275.83,2.255166,750.0,0.0351043318539723,0.0091691045096833,0.0031428847866378,-0.0005884703012545,-1.2385071122434522e-07,25506524005208.625,21.538991730733137,48.569928003655086,549338733626031.5,0.0008332990582849,0.0004711102985189
33,33,0.01,750.0,5,1,500000.0,0.0,0.3,0.0,0.0,0.0,0.0,,0.75,11258.16,2.2516320000000003,750.0,0.0364309898806288,0.0091972580328269,0.0031345695259937,-0.0005896459603181,1.6607528183374912e-06,25466553530381.324,20.75252119345225,46.72613819464365,528484983159720.4,0.0008319932214321,0.0004703720363267
34,34,0.01,750.0,5,1,500000.0,0.0,0.5,0.0,0.0,0.0,0.0,,0.75,11265.97,2.2531940000000006,750.0,0.0357594069938795,0.0092500242655146,0.0031468567949179,-0.0005848463582649,-2.9537022604408653e-07,25484220163567.586,21.16132025565387,47.676599862912674,539234956047629.4,0.0008325703909748,0.0004706983423664
35,35,0.01,750.0,5,1,500000.0,0.0,1.5,0.0,0.0,0.0,0.0,,0.75,11261.82,2.252364,750.0,0.0356774712621063,0.0092019189612761,0.0031326620037757,-0.0005871941917391,1.8195817259399595e-07,25474832644012.773,21.24716595266801,47.86050339544802,541314953647476.06,0.0008322637003727,0.0004705249531136
36,36,0.01,750.0,5,1,500000.0,0.0,0.0,0.1,0.0,0.0,0.0,,0.75,11247.94,2.249588000000001,750.0,0.0357751723689625,0.0091337130361221,0.0031264822273924,-0.0005870732063346,2.019822908958235e-07,25443435349694.55,21.16941923368631,47.623505256999415,538634442009960.56,0.0008312379496361,0.0004699450391788
37,37,0.01,750.0,5,1,500000.0,0.0,0.0,0.3,0.0,0.0,0.0,,0.75,11273.92,2.2547840000000003,750.0,0.0356441317539474,0.0091770697412908,0.0031293907632018,-0.0005890756145767,7.746781319244359e-07,25502203484160.52,21.23801174636032,47.88310589210108,541570593863521.6,0.0008331579067065,0.0004710304976821
38,38,0.01,750.0,5,1,500000.0,0.0,0.0,0.5,0.0,0.0,0.0,,0.75,11283.96,2.256792,750.0,0.03582921017241,0.0091933204632884,0.0031235183925884,-0.0005892918058278,1.3504437657776384e-06,25524914495324.41,21.082270440185187,47.57597728280111,538096888049494.5,0.0008338998762596,0.0004714499743323
39,39,0.01,750.0,5,1,500000.0,0.0,0.0,1.5,0.0,0.0,0.0,,0.75,11256.4,2.251280000000001,750.0,0.0355076233223837,0.0091896800187645,0.0031109904265173,-0.0005941655316139,1.7137089206876668e-06,25462572317268.902,21.311005884402626,47.978150437799385,542645572816919.25,0.0008318631550562,0.0004702985025713
40,40,0.01,750.0,5,1,500000.0,0.0,0.0,0.0,0.1,0.0,0.0,,0.75,11264.75,2.25295,750.0,0.0353671894707997,0.0091935872640551,0.0031534824261052,-0.0005907168182451,-7.18103993642613e-07,25481460459023.76,21.43994344050278,48.302082718014624,546309332593970.0,0.0008324802313279,0.0004706473701041
41,41,0.01,750.0,5,1,500000.0,0.0,0.0,0.0,0.3,0.0,0.0,,0.75,11281.17,2.2562340000000005,750.0,0.0357697506830584,0.0091888369294696,0.0031360992125932,-0.0005914361740825,-2.702859938790695e-06,25518603367720.105,21.14929333054818,47.7127709248002,539644060325686.3,0.0008336936914934,0.0004713334066178
42,42,0.01,750.0,5,1,500000.0,0.0,0.0,0.0,0.5,0.0,0.0,,0.75,11265.51,2.253102,750.0,0.0357859481850778,0.0092035313571865,0.0031148246116675,-0.0005907998486914,6.614578693859322e-07,25483179619231.387,21.177222743067308,47.71787482019437,539701786732696.56,0.0008325363963539,0.0004706791233167
43,43,0.01,750.0,5,1,500000.0,0.0,0.0,0.0,1.5,0.0,0.0,,0.75,11269.09,2.253818,750.0,0.0358143554104105,0.0092031062859737,0.0031363753906762,-0.0005854323939507,-3.466684760908904e-07,25491277768630.465,21.13866701175125,47.643486060808144,538860430186436.06,0.0008328009631865,0.0004708286976601
44,44,0.01,750.0,5,1,500000.0,0.0,0.0,0.0,0.0,0.1,0.0,,0.75,11272.51,2.2545020000000005,750.0,0.0356695303792855,0.0092213223240437,0.0031329315350763,-0.0005813321851783,1.188833767202459e-06,25499013989564.785,21.198646697167742,47.79723067030643,540599322388979.5,0.0008330537058032,0.0004709715871167
45,45,0.01,750.0,5,1,500000.0,0.0,0.0,0.0,0.0,0.3,0.0,,0.75,11261.85,2.25237,750.0,0.0355790821786103,0.0092410267490517,0.0031418807494475,-0.0005866539996274,3.396414927022143e-09,25474900505599.93,21.29085444738262,47.95694866040349,542405775106195.5,0.0008322659174132,0.0004705262065298
46,46,0.01,750.0,5,1,500000.0,0.0,0.0,0.0,0.0,0.5,0.0,,0.75,11256.05,2.25121,750.0,0.0357328088936128,0.0092181330585191,0.0031230165341501,-0.0005867498109183,-1.6771314230642211e-06,25461780598752.23,21.175774500371205,47.67625769681881,539231086058596.6,0.0008318372895838,0.0004702838793813
47,47,0.01,750.0,5,1,500000.0,0.0,0.0,0.0,0.0,1.5,0.0,,0.75,11256.96,2.251392000000001,750.0,0.0360230290985771,0.0091867392301009,0.0031317975581796,-0.0005901545607466,-2.756584824440357e-06,25463839066895.598,21.03020624651141,47.34703134593244,535507448941847.75,0.0008319045398122,0.0004703218996753
48,48,0.01,750.0,5,1,500000.0,0.0,0.0,0.0,0.0,0.0,0.1,,0.75,11265.76,2.253152,750.0,0.0358737921616795,0.0091155554908048,0.0031503723425308,-0.0005917184567683,-3.376501289273117e-08,25483745132457.58,21.069490287157222,47.47049492678674,536903854700372.8,0.0008325548716913,0.0004706895684524
49,49,0.01,750.0,5,1,500000.0,0.0,0.0,0.0,0.0,0.0,0.3,,0.75,11263.06,2.252611999999999,750.0,0.0355800605542617,0.0091548186664735,0.0031265415978045,-0.0005874950567327,5.723154659185576e-07,25477637589614.684,21.282822490334027,47.94257027914284,542243151810712.8,0.0008323553380466,0.0004705767609867
50,50,0.01,750.0,5,1,500000.0,0.0,0.0,0.0,0.0,0.0,0.5,,0.75,11261.37,2.2522740000000003,750.0,0.0357283485471475,0.0091835537254469,0.0031002929089403,-0.0005915638798604,-2.3380522059814174e-07,25473814720205.64,21.19845639852931,47.74929827380961,540057194305337.7,0.0008322304447653,0.0004705061518693
51,51,0.01,750.0,5,1,500000.0,0.0,0.0,0.0,0.0,0.0,1.5,,0.75,11268.05,2.253610000000001,750.0,0.0364200072355163,0.0092048412886915,0.0031287995071392,-0.0005861148550826,-6.263390287690943e-08,25488925233609.52,20.785580758213577,46.84108036052548,529785009460788.56,0.0008327241057826,0.0004707852458955
52,52,0.01,1000.0,5,1,500000.0,0.0,0.0,0.0,0.0,0.0,0.0,,1.0,14135.99,2.8271979999999983,1000.0,0.0529663437324188,0.009264827915974,0.0031460316163298,-0.0005472433885371,-2.8891859415527798e-08,21537586743520.21,19.049180939245435,53.85357755446882,410256408652052.8,0.0009407318366885,0.0004956901139367
53,53,0.01,1000.0,5,1,500000.0,0.3,0.3,0.3,0.3,0.3,0.3,,1.0,14148.19,2.8296380000000005,1000.0,0.0541051545716368,0.0091240293796509,0.0031280985473846,-0.0005429894962782,7.17253070385376e-07,21556174656943.39,18.644431044495924,52.76105132131299,401933546752686.0,0.0009415437308967,0.0004961179169693
54,54,0.01,1000.0,5,1,500000.0,0.1,0.0,0.0,0.0,0.0,0.0,,1.0,14134.3,2.8268600000000004,1000.0,0.0539449278751328,0.0092181066437952,0.0031404365775374,-0.0005518138632067,5.238817804949125e-07,21535011860431.277,18.66014965561511,52.74982563107813,401848029474735.2,0.0009406193693761,0.000495630852697
55,55,0.01,1000.0,5,1,500000.0,0.3,0.0,0.0,0.0,0.0,0.0,,1.0,14162.15,2.832430000000001,1000.0,0.0539845940051645,0.0091710274691474,0.0031339369832836,-0.0005389969039199,-3.517595082549146e-07,21577444105417.79,18.72880820177504,53.04289211051112,404080609125118.8,0.0009424727508267,0.0004966074358491
56,56,0.01,1000.0,5,1,500000.0,0.5,0.0,0.0,0.0,0.0,0.0,,1.0,14139.2,2.8278399999999992,1000.0,0.0541556255499688,0.0091003512932892,0.0031484237409712,-0.0005439750690998,6.844279780468311e-07,21542477497789.758,18.60892605524514,52.6168834216808,400835276081881.06,0.0009409454580335,0.0004958026752264
57,57,0.01,1000.0,5,1,500000.0,1.5,0.0,0.0,0.0,0.0,0.0,,1.0,14140.4,2.8280800000000004,1000.0,0.0540107427664702,0.0091960756896554,0.0031281693122948,-0.0005340796216779,-1.284161325984127e-06,21544305817142.86,18.686480660448787,52.85032231386315,402613612933310.3,0.0009410253164802,0.0004958447542132
58,58,0.01,1000.0,5,1,500000.0,0.0,0.1,0.0,0.0,0.0,0.0,,1.0,14136.63,2.827326,1000.0,0.053608488096047,0.0091595307595351,0.0031354404097103,-0.0005436110147247,4.596645514070363e-07,21538561847175.203,18.805465609024186,53.17063975103652,405053790306308.0,0.0009407744278601,0.000495712556063
59,59,0.01,1000.0,5,1,500000.0,0.0,0.3,0.0,0.0,0.0,0.0,,1.0,14136.08,2.8272160000000004,1000.0,0.053357729196781,0.0091176682817082,0.0031462257720868,-0.0005427367562954,2.139866617867771e-07,21537723867471.69,18.866514750740205,53.34033404068898,406346520947483.4,0.000940737826072,0.0004956932698607
60,60,0.01,1000.0,5,1,500000.0,0.0,0.5,0.0,0.0,0.0,0.0,,1.0,14137.53,2.827506000000001,1000.0,0.0530824751883039,0.0091569484495279,0.0031304375738819,-0.0005390653971249,-6.859493451355872e-08,21539933086690.027,18.98262966494296,53.66528788925965,408822018490008.56,0.0009408343216951,0.0004957441153031
61,61,0.01,1000.0,5,1,500000.0,0.0,1.5,0.0,0.0,0.0,0.0,,1.0,14139.84,2.8279680000000003,1000.0,0.0544466503588819,0.0091510041353215,0.0031113674468941,-0.0005404865543719,3.553682537027221e-07,21543452601444.75,18.53391335198408,52.4133254154715,399284571739252.25,0.000940988049205,0.0004958251173527
62,62,0.01,1000.0,5,1,500000.0,0.0,0.0,0.1,0.0,0.0,0.0,,1.0,14132.31,2.8264620000000003,1000.0,0.0544442861332447,0.0091913413439657,0.003134214360732,-0.0005452307905195,1.0156631555030655e-06,21531979897504.04,18.511282638205454,52.3209266575251,398580678250269.6,0.000940486937452,0.0004955610717105
63,63,0.01,1000.0,5,1,500000.0,0.0,0.0,0.3,0.0,0.0,0.0,,1.0,14143.29,2.828657999999999,1000.0,0.0533688086675704,0.0091573424774431,0.0031347141574311,-0.0005379270815891,1.634548149934986e-06,21548709019584.91,18.90197555030524,53.47260593032966,407354167846237.8,0.0009412176422393,0.0004959460944398
64,64,0.01,1000.0,5,1,500000.0,0.0,0.0,0.5,0.0,0.0,0.0,,1.0,14137.68,2.8275360000000003,1000.0,0.0535351565886935,0.0090757788146562,0.0031291569100168,-0.0005426341509699,-1.0330960753759352e-06,21540161626609.17,18.826760150651538,53.23651136658938,405555600096038.2,0.000940844304001,0.0004957493751765
65,65,0.01,1000.0,5,1,500000.0,0.0,0.0,1.5,0.0,0.0,0.0,,1.0,14132.47,2.8264939999999994,1000.0,0.0535917894751446,0.0091260061529619,0.0031275545067484,-0.0005371036252373,2.766949277462672e-07,21532223673417.797,18.8281521584078,53.217306110304136,405409294505423.2,0.0009404975852449,0.0004955666822421
66,66,0.01,1000.0,5,1,500000.0,0.0,0.0,0.0,0.1,0.0,0.0,,1.0,14115.24,2.823048,1000.0,0.0540251374495971,0.009195631065975,0.0031260596964591,-0.0005440576389003,1.4647299451632449e-06,21505972054706.19,18.656003579983555,52.65995739466325,401163413491958.9,0.0009393509510476,0.0004949624981232
67,67,0.01,1000.0,5,1,500000.0,0.0,0.0,0.0,0.3,0.0,0.0,,1.0,14149.04,2.8298080000000003,1000.0,0.0532168403743025,0.0091985430654826,0.0031605911138962,-0.0005472143758634,-1.330714361290338e-06,21557469716485.176,18.962082091981543,53.66412064029954,408813126390576.4,0.0009416002972964,0.0004961477229182
68,68,0.01,1000.0,5,1,500000.0,0.0,0.0,0.0,0.5,0.0,0.0,,1.0,14150.25,2.8300500000000017,1000.0,0.053284915281514,0.0090766424439498,0.0031580262304314,-0.0005397396720937,2.505715881423909e-06,21559313271832.887,18.935960317102754,53.58530281628622,408212692419690.06,0.0009416808212302,0.0004961901525633
69,69,0.01,1000.0,5,1,500000.0,0.0,0.0,0.0,1.5,0.0,0.0,,1.0,14137.52,2.8275040000000007,1000.0,0.0532171136071281,0.0091071793820934,0.0031493193211602,-0.000545220274853,-1.4883432687608913e-07,21539917850695.41,18.93347127014422,53.5396974723937,407865271032842.0,0.0009408336562081,0.0004957437646449
70,70,0.01,1000.0,5,1,500000.0,0.0,0.0,0.0,0.0,0.1,0.0,,1.0,14121.34,2.824268,1000.0,0.053671678177958,0.0090934434266919,0.0031349201226575,-0.0005319943517678,6.335427804924527e-07,21515266011417.785,18.78922047015514,53.06041138357532,404214070900100.0,0.0009397568981517,0.0004951763996394
71,71,0.01,1000.0,5,1,500000.0,0.0,0.0,0.0,0.0,0.3,0.0,,1.0,14131.73,2.826346,1000.0,0.0534047676177897,0.0091558673818001,0.0031419650665525,-0.0005405382617872,-4.217907401493412e-07,21531096209816.71,18.921537820979864,53.48011436128697,407411367053032.8,0.0009404483392027,0.0004955407335335
72,72,0.01,1000.0,5,1,500000.0,0.0,0.0,0.0,0.0,0.5,0.0,,1.0,14130.58,2.8261160000000007,1000.0,0.0544073626890462,0.0091301530378302,0.0031405347817407,-0.0005381805965993,2.703641988898036e-07,21529344070436.656,18.522705107324565,52.34399833925825,398756438259525.06,0.0009403718081913,0.0004955004078379
73,73,0.01,1000.0,5,1,500000.0,0.0,0.0,0.0,0.0,1.5,0.0,,1.0,14124.45,2.824889999999999,1000.0,0.0533264302074849,0.0092154663028286,0.0031397502572961,-0.0005525818254164,-4.975845300004213e-07,21520004405741.24,18.89874199762443,53.38686105418687,406700963610900.4,0.000939963864626,0.0004952854543469
74,74,0.01,1000.0,5,1,500000.0,0.0,0.0,0.0,0.0,0.0,0.1,,1.0,14142.6,2.828520000000002,1000.0,0.0536701905353015,0.0091606913669248,0.0031363610805299,-0.0005370996045446,6.636765568315699e-07,21547657735956.87,18.784335653279204,53.13517297472926,404783604499997.1,0.0009411717236324,0.0004959218990224
75,75,0.01,1000.0,5,1,500000.0,0.0,0.0,0.0,0.0,0.0,0.3,,1.0,14135.84,2.827167999999999,1000.0,0.0538787877307822,0.0091309576821929,0.0031419123433867,-0.0005394160178169,-8.132306895483049e-07,21537358203601.07,18.708300920297056,52.89053173400326,402919928187556.94,0.0009407218543827,0.0004956848540634
76,76,0.01,1000.0,5,1,500000.0,0.0,0.0,0.0,0.0,0.0,0.5,,1.0,14136.09,2.827218,1000.0,0.0536091869692813,0.0092234152237787,0.003140392566842,-0.0005431429751747,2.8937912829928615e-07,21537739103466.32,18.807922320686075,53.174998233573525,405086993214526.9,0.0009407384915591,0.0004956936205189
77,77,0.01,1000.0,5,1,500000.0,0.0,0.0,0.0,0.0,0.0,1.5,,1.0,14158.52,2.8317040000000007,1000.0,0.0528325472286837,0.0091889686638879,0.0031184238865779,-0.0005349363279957,5.288584096555959e-07,21571913439374.664,19.066284680798823,53.99261307167028,411315580847334.9,0.0009422311790254,0.000496480146914
78,78,0.01,1250.0,5,1,500000.0,0.0,0.0,0.0,0.0,0.0,0.0,,1.25,16642.05,3.3284099999999985,1250.0,0.0729585830826772,0.0091909836306575,0.0031498640460194,-0.0005133797512826,-9.384469637590826e-07,24712889515000.0,17.279857577237493,57.513389322656415,427027330155836.9,0.0013508645864268,0.0008578689955323
79,79,0.01,1250.0,5,1,500000.0,0.3,0.3,0.3,0.3,0.3,0.3,,1.25,16632.76,3.3265520000000004,1250.0,0.0739471476063931,0.0090674565860606,0.0031315997447708,-0.0005145048675781,4.337428059247968e-07,24699094174666.664,17.022888598267194,56.62698495344768,420445925448523.6,0.0013501105007217,0.0008573901120433
80,80,0.01,1250.0,5,1,500000.0,0.1,0.0,0.0,0.0,0.0,0.0,,1.25,16640.78,3.3281560000000003,1250.0,0.0739211199514988,0.0090657979843053,0.0031612854769068,-0.0005113187865655,8.037688927009543e-07,24711003607333.336,17.044022159809472,56.72911184775175,421204200617581.94,0.0013507614982841,0.0008578035292211
81,81,0.01,1250.0,5,1,500000.0,0.3,0.0,0.0,0.0,0.0,0.0,,1.25,16629.02,3.325803999999999,1250.0,0.0741462935561617,0.0090142179904967,0.0031496356574607,-0.0005066660786517,-1.84515272494958e-06,24693540399333.324,16.981860998521007,56.4739936952551,419309990854986.9,0.0013498069183173,0.000857197321489
82,82,0.01,1250.0,5,1,500000.0,0.5,0.0,0.0,0.0,0.0,0.0,,1.25,16637.56,3.327512,1250.0,0.0744624175887179,0.0092304710322618,0.0031312540570748,-0.0005207225330498,1.5789549282392091e-06,24706222014666.656,16.91796603892596,56.29678756938284,417994264904739.4,0.0013505001251979,0.0008576375437706
83,83,0.01,1250.0,5,1,500000.0,1.5,0.0,0.0,0.0,0.0,0.0,,1.25,16636.89,3.3273780000000017,1250.0,0.0727246365702603,0.0092061826622716,0.0031279568354153,-0.0005106562871099,-1.511892038399106e-07,24705227087000.01,17.32935356396534,57.66377053271656,428143885576998.5,0.0013504457401148,0.0008576030064254
84,84,0.01,1250.0,5,1,500000.0,0.0,0.1,0.0,0.0,0.0,0.0,,1.25,16633.45,3.32669,1250.0,0.0735376939755269,0.0091375208111168,0.0031361572998403,-0.0005144448812188,-1.067860969882083e-06,24700118801666.66,17.116318364294695,56.9438735859827,422798770730324.0,0.0013501665092402,0.0008574256803541
85,85,0.01,1250.0,5,1,500000.0,0.0,0.3,0.0,0.0,0.0,0.0,,1.25,16650.24,3.330047999999999,1250.0,0.0736279419916218,0.0090248207076466,0.0031306834656848,-0.0005122104355418,2.7110968227334957e-06,24725051392000.0,17.100083061713597,56.93893003936727,422762065720628.56,0.0013515293831893,0.0008582911759171
86,86,0.01,1250.0,5,1,500000.0,0.0,0.5,0.0,0.0,0.0,0.0,,1.25,16624.04,3.324808,1250.0,0.0736833214945931,0.0091314115918668,0.003117253203666,-0.0005068541969132,-1.178920589736005e-06,24686145265333.324,17.105965823633568,56.87652956019004,422298752562817.94,0.0013494026829232,0.0008569406110719
87,87,0.01,1250.0,5,1,500000.0,0.0,1.5,0.0,0.0,0.0,0.0,,1.25,16608.6,3.32172,1250.0,0.0744795483172151,0.0091313646177205,0.0031103127606785,-0.0005157718113657,-1.3213813798856738e-06,24663217380000.01,16.90108374633427,56.141581092448405,416841882681247.6,0.0013481493908579,0.0008561447056821
88,88,0.01,1250.0,5,1,500000.0,0.0,0.0,0.1,0.0,0.0,0.0,,1.25,16625.96,3.3251920000000013,1250.0,0.0738016503370044,0.0091122158708082,0.003127131359742,-0.0005120326618253,-7.726077422944295e-08,24688996401333.32,17.039487083982273,56.65993024411052,420690538740813.5,0.0013495585327137,0.0008570395837628
89,89,0.01,1250.0,5,1,500000.0,0.0,0.0,0.3,0.0,0.0,0.0,,1.25,16655.25,3.3310500000000003,1250.0,0.0745697992017267,0.0091560258789125,0.0031436065708545,-0.0005142478517014,-1.6511092100747613e-07,24732491075000.01,16.867796023355933,56.1880569099169,417186957879981.25,0.0013519360537364,0.0008585494327826
90,90,0.01,1250.0,5,1,500000.0,0.0,0.0,0.5,0.0,0.0,0.0,,1.25,16655.76,3.3311519999999994,1250.0,0.0736891621812651,0.0092013441536194,0.0031481715197463,-0.0005050638555168,-1.3085697610595396e-06,24733248408000.01,17.079806747090537,56.89733858492578,422453256103309.75,0.001351977451337,0.0008585757224036
91,91,0.01,1250.0,5,1,500000.0,0.0,0.0,1.5,0.0,0.0,0.0,,1.25,16643.22,3.3286440000000006,1250.0,0.0729623782041062,0.0091523552246273,0.0031395503627594,-0.0005062700554946,-3.750384200173773e-07,24714626926000.0,17.283649824906437,57.53439111320999,427183264950398.8,0.0013509595573928,0.0008579293070158
92,92,0.01,1250.0,5,1,500000.0,0.0,0.0,0.0,0.1,0.0,0.0,,1.25,16665.51,3.333101999999999,1250.0,0.0739819020476466,0.0091844956805409,0.0031223412419255,-0.0005181478524056,2.400674139803752e-06,24747726833000.0,17.036684547402537,56.78478810794836,421617587570164.6,0.0013527688760544,0.0008590783180998
93,93,0.01,1250.0,5,1,500000.0,0.0,0.0,0.0,0.3,0.0,0.0,,1.25,16635.41,3.327081999999999,1250.0,0.0728519926830949,0.0090745840652468,0.0031315661651843,-0.0005106952340097,9.777264834833966e-07,24703029336333.34,17.269343250976057,57.45582566528199,426599929593774.6,0.0013503256059013,0.0008575267149761
94,94,0.01,1250.0,5,1,500000.0,0.0,0.0,0.0,0.5,0.0,0.0,,1.25,16626.01,3.325202000000001,1250.0,0.0732140143062588,0.0091537932599375,0.0031586209352917,-0.0005129060831362,2.7425452803446024e-07,24689070649666.656,17.184102534110792,57.14538513243277,424294960377457.94,0.001349562591302,0.0008570421611766
95,95,0.01,1250.0,5,1,500000.0,0.0,0.0,0.0,1.5,0.0,0.0,,1.25,16630.83,3.3261660000000006,1250.0,0.0742746176922014,0.0091024731457357,0.0031399171308896,-0.0005131353792162,-2.6978367217824745e-07,24696228189000.01,16.938236450281337,56.34152009393067,418326396444086.0,0.0013499538392135,0.0008572906238695
96,96,0.01,1250.0,5,1,500000.0,0.0,0.0,0.0,0.0,0.1,0.0,,1.25,16654.04,3.3308080000000007,1250.0,0.0743953803450904,0.0091479691219958,0.0031305357485452,-0.0005117942044346,3.628532122872651e-07,24730694265333.34,16.930489045703762,56.39018032609368,418687690557857.75,0.0013518378358997,0.000858487059368
97,97,0.01,1250.0,5,1,500000.0,0.0,0.0,0.0,0.0,0.3,0.0,,1.25,16646.71,3.3293419999999987,1250.0,0.074446813863708,0.0090335473383042,0.003143967311991,-0.0005117858550513,2.372308110661941e-06,24719809459666.66,16.925300729824947,56.34855534617893,418378632019487.4,0.0013512428468558,0.0008581092105009
98,98,0.01,1250.0,5,1,500000.0,0.0,0.0,0.0,0.0,0.5,0.0,,1.25,16638.96,3.327792000000001,1250.0,0.0735525722770489,0.0092277972616942,0.0031423930723042,-0.0005081920731779,-1.8143835855060732e-07,24708300968000.0,17.11276057249722,56.948463928733226,422832853260189.4,0.0013506137656702,0.0008577097113578
99,99,0.01,1250.0,5,1,500000.0,0.0,0.0,0.0,0.0,1.5,0.0,,1.25,16639.43,3.3278860000000003,1250.0,0.0736100429845418,0.0092420407751798,0.003152957509534,-0.0005123760247196,-1.3333574855819668e-06,24708998902333.324,17.10544668665187,56.924780343714986,422657006588693.25,0.0013506519164001,0.0008577339390478
100,100,0.01,1250.0,5,1,500000.0,0.0,0.0,0.0,0.0,0.0,0.1,,1.25,16626.92,3.3253839999999992,1250.0,0.073226040647637,0.009143050373998,0.0031438894718952,-0.0005163974578378,3.31056363706704e-07,24690421969333.34,17.20515689351135,57.21214470086677,424790639046486.0,0.0013496364576089,0.0008570890701083
101,101,0.01,1250.0,5,1,500000.0,0.0,0.0,0.0,0.0,0.0,0.3,,1.25,16635.54,3.3271079999999995,1250.0,0.0735820438838504,0.0091753807287316,0.0031516621171428,-0.0005139567669708,-9.55417799054743e-07,24703222382000.0,17.131157691666644,56.98945925174653,423137236701009.25,0.0013503361582309,0.000857533416252
102,102,0.01,1250.0,5,1,500000.0,0.0,0.0,0.0,0.0,0.0,0.5,,1.25,16635.16,3.327032,1250.0,0.0743088202357148,0.0090559940672788,0.0031498740784762,-0.0005114427015292,9.923117988284669e-07,24702658094666.664,16.939488546857664,56.35426877333416,418421053263877.25,0.0013503053129598,0.0008575138279069
103,103,0.01,1250.0,5,1,500000.0,0.0,0.0,0.0,0.0,0.0,1.5,,1.25,16640.6,3.32812,1250.0,0.0741903342163436,0.0090233027429226,0.0031396063981213,-0.0005092968230398,1.8121963985845856e-06,24710736313333.336,16.967941347737604,56.47302259984376,419302780633406.8,0.0013507468873662,0.0008577942505313
104,104,0.01,1500.0,5,1,500000.0,0.0,0.0,0.0,0.0,0.0,0.0,,1.5,18848.33,3.769666,1500.0,0.0960432973964475,0.0090955848315243,0.0031349668304657,-0.0004874381690957,-1.919504659122649e-06,23949688827696.6,15.733577128174405,59.31065599263064,376816342665388.0,0.0015655650843598,0.0010170798950077
105,105,0.01,1500.0,5,1,500000.0,0.3,0.3,0.3,0.3,0.3,0.3,,1.5,18854.2,3.77084,1500.0,0.0955529802721912,0.0089324308290686,0.0031268215568762,-0.0004942013394816,2.136154506398246e-07,23957147561357.29,15.818077812407957,59.64953090682674,378969304956081.25,0.0015660526536588,0.0010173966476847
106,106,0.01,1500.0,5,1,500000.0,0.1,0.0,0.0,0.0,0.0,0.0,,1.5,18858.34,3.771668,1500.0,0.0948702732213405,0.0091703315317315,0.0031422859732057,-0.0004855098213406,-5.158699066388192e-07,23962408065165.67,15.903147474499562,59.980685145591885,381073215746161.75,0.0015663965270656,0.001017620047358
107,107,0.01,1500.0,5,1,500000.0,0.3,0.0,0.0,0.0,0.0,0.0,,1.5,18837.43,3.767485999999999,1500.0,0.0966861882047646,0.0091706322906368,0.0031524809522282,-0.0004915614244698,2.477997504006692e-07,23935838708974.05,15.63117988545405,58.88617901190153,374119527721310.4,0.0015646597171777,0.0010164917171238
108,108,0.01,1500.0,5,1,500000.0,0.5,0.0,0.0,0.0,0.0,0.0,,1.5,18842.56,3.768511999999999,1500.0,0.0952172274151757,0.0090250541288244,0.0031405887573202,-0.0004857594557187,4.793220615982086e-07,23942357159345.305,15.864576256272931,59.78398840887908,379823549160927.2,0.0015650858211818,0.0010167685384581
109,109,0.01,1500.0,5,1,500000.0,1.5,0.0,0.0,0.0,0.0,0.0,,1.5,18865.01,3.773002,1500.0,0.0945277554624772,0.0091835367423185,0.0031287225652905,-0.0004872704397121,1.8250831312300175e-06,23970883321301.41,15.96091884247068,60.21232912823884,382544911462228.5,0.0015669505453321,0.001017979969054
110,110,0.01,1500.0,5,1,500000.0,0.0,0.1,0.0,0.0,0.0,0.0,,1.5,18878.74,3.775748000000001,1500.0,0.0960986992865355,0.0091348553200866,0.0031295710906033,-0.0004913275779894,-1.5788074548160897e-07,23988329388279.438,15.723652308422182,59.36819267774776,377181888500146.9,0.0015680909757367,0.0010187208573427
111,111,0.01,1500.0,5,1,500000.0,0.0,0.3,0.0,0.0,0.0,0.0,,1.5,18849.96,3.769992,1500.0,0.0953524357006131,0.0091853040042072,0.0031285033411691,-0.0004822808089477,-2.1154470181825318e-07,23951759992239.52,15.845909712516434,59.746121081858334,379582967979760.4,0.0015657004741311,0.0010171678518839
112,112,0.01,1500.0,5,1,500000.0,0.0,0.5,0.0,0.0,0.0,0.0,,1.5,18831.7,3.76634,1500.0,0.0955926416936608,0.0091187658699654,0.0031410170535119,-0.0004875070374329,4.021500639137516e-07,23928557866746.51,15.788410856345768,59.46098251128341,377771406945428.8,0.001564183776448,0.0010161825190251
113,113,0.01,1500.0,5,1,500000.0,0.0,1.5,0.0,0.0,0.0,0.0,,1.5,18837.34,3.767468,1500.0,0.0961346913167403,0.0090628007878521,0.0031053748739648,-0.0004910430570548,-5.751188589300906e-07,23935724350195.605,15.720724076947452,59.2314141915296,376312898466746.8,0.0015646522416688,0.0010164868606091
114,114,0.01,1500.0,5,1,500000.0,0.0,0.0,0.1,0.0,0.0,0.0,,1.5,18855.04,3.7710080000000015,1500.0,0.0965972168838357,0.0089831230696455,0.0031391556886084,-0.0004903278768983,2.0500703921210696e-06,23958214909956.094,15.647036295936976,59.002455474580096,374858262956510.6,0.0015661224250747,0.0010174419751546
115,115,0.01,1500.0,5,1,500000.0,0.0,0.0,0.3,0.0,0.0,0.0,,1.5,18862.13,3.772426,1500.0,0.0946203070821184,0.0091356826777918,0.0031449016454867,-0.0004906919909023,9.67405040224882e-07,23967223840391.21,15.977153572501816,60.27171942472658,382922233782101.4,0.0015667113290491,0.0010178245605856
116,116,0.01,1500.0,5,1,500000.0,0.0,0.0,0.5,0.0,0.0,0.0,,1.5,18851.08,3.770215999999999,1500.0,0.0946684404264328,0.0090618957575489,0.0031393118914593,-0.0004846321134365,3.6721908002136236e-07,23953183123704.58,15.953669559986272,60.14647206203953,382126504037650.8,0.0015657935026856,0.0010172282885106
117,117,0.01,1500.0,5,1,500000.0,0.0,0.0,1.5,0.0,0.0,0.0,,1.5,18832.85,3.7665700000000015,1500.0,0.0965734729443533,0.0092287741090231,0.0031373592196528,-0.0004842448982835,2.211078505853822e-07,23930019117804.387,15.676025849735836,59.05141251877441,375169300054857.7,0.0015642792968388,0.0010162445744899
118,118,0.01,1500.0,5,1,500000.0,0.0,0.0,0.0,0.1,0.0,0.0,,1.5,18860.45,3.77209,1500.0,0.0955761379815476,0.0090011586306378,0.0031430938504546,-0.0004846132666149,9.319638879400604e-07,23965089143193.613,15.818722230079269,59.66842942224922,379089372241531.8,0.0015665717862173,0.0010177339056457
119,119,0.01,1500.0,5,1,500000.0,0.0,0.0,0.0,0.3,0.0,0.0,,1.5,18846.06,3.769212,1500.0,0.0941309064467486,0.0090057226669841,0.0031135290974356,-0.0004867307115142,1.0800458414837128e-06,23946804445173.656,16.03153971541904,60.43138442436677,383936627910933.1,0.0015653765354145,0.0010169574029163
120,120,0.01,1500.0,5,1,500000.0,0.0,0.0,0.0,0.5,0.0,0.0,,1.5,18857.55,3.771509999999999,1500.0,0.0955000279942464,0.0091400992706676,0.0031323659288893,-0.0004881991102665,-1.5281452169996128e-07,23961404249221.57,15.834577620970547,59.72179328504851,379428407028350.06,0.0015663309087102,0.0010175774179518
121,121,0.01,1500.0,5,1,500000.0,0.0,0.0,0.0,1.5,0.0,0.0,,1.5,18845.25,3.769050000000001,1500.0,0.0957367010039069,0.0091072254785445,0.0031492035743105,-0.0004855680293252,1.267403098085118e-07,23945775216167.66,15.800456034563958,59.54919647838323,378331853696493.2,0.0015653092558349,0.0010169136942845
122,122,0.01,1500.0,5,1,500000.0,0.0,0.0,0.0,0.0,0.1,0.0,,1.5,18851.87,3.770374,1500.0,0.0953608471508778,0.0090836479627696,0.0031385680657923,-0.0004902154475323,-6.837651441157307e-08,23954186939648.7,15.83997046586639,59.72396112949017,379442179919583.5,0.001565859121041,0.0010172709179168
123,123,0.01,1500.0,5,1,500000.0,0.0,0.0,0.0,0.0,0.3,0.0,,1.5,18841.5,3.7683,1500.0,0.0957850832783401,0.0092225522241179,0.0031416798396753,-0.0004896212384505,5.929591993418377e-07,23941010267065.863,15.747015663698384,59.33434471596735,376966843413369.5,0.0015649977762998,0.001016711339508
124,124,0.01,1500.0,5,1,500000.0,0.0,0.0,0.0,0.0,0.5,0.0,,1.5,18843.2,3.768639999999999,1500.0,0.0959765047597852,0.0092174667155901,0.0031299865041898,-0.0004891976001193,1.5114872988861251e-06,23943170377325.35,15.72999082863662,59.27958852834093,376618962817305.4,0.0015651389803558,0.0010168030736733
125,125,0.01,1500.0,5,1,500000.0,0.0,0.0,0.0,0.0,1.5,0.0,,1.5,18875.15,3.775030000000001,1500.0,0.0959792536771806,0.0091572462232447,0.0031414151774072,-0.0004864026241325,-4.099571073722092e-07,23983767743672.645,15.74793383549256,59.45273821618003,377719028750032.06,0.001567792785995,0.0010185271363699
126,126,0.01,1500.0,5,1,500000.0,0.0,0.0,0.0,0.0,0.0,0.1,,1.5,18843.95,3.7687900000000014,1500.0,0.0948946785180237,0.0091191994633881,0.0031160739778865,-0.000488704293376,-5.294523585825187e-07,23944123367145.72,15.906026120311536,59.9456318659651,380850512955131.1,0.0015652012762628,0.0010168435446287
127,127,0.01,1500.0,5,1,500000.0,0.0,0.0,0.0,0.0,0.0,0.3,,1.5,18901.28,3.780256,1500.0,0.0966433187046845,0.0090565386085557,0.0031299959301902,-0.0004882199538738,7.539253868273067e-07,24016969909013.977,15.614630605086704,59.023335141089234,374990917020748.56,0.0015699631753958,0.0010199371444532
128,128,0.01,1500.0,5,1,500000.0,0.0,0.0,0.0,0.0,0.0,0.5,,1.5,18866.26,3.773252,1500.0,0.0969905798666604,0.009158240445677,0.0031313462838882,-0.0004885070242308,9.101525620937703e-08,23972471637668.66,15.586756012557672,58.81041438196805,373638174914177.44,0.0015670543718438,0.0010180474206462
129,129,0.01,1500.0,5,1,500000.0,0.0,0.0,0.0,0.0,0.0,1.5,,1.5,18854.34,3.770868,1500.0,0.0954264364019968,0.0090705112512345,0.0031328863874495,-0.0004941131056777,-3.3166023045185177e-07,23957325452790.426,15.84075872221837,59.727891411121576,379467150042156.06,0.0015660642822281,0.001017404202263
130,130,0.01,1750.0,5,1,500000.0,0.0,0.0,0.0,0.0,0.0,0.0,,1.75,20833.33,4.166666000000001,1750.0,0.1202801238389088,0.0090854182486392,0.0031494765900008,-0.0004667793051696,1.153609667001815e-06,21838319859161.68,14.651922515997724,61.05070333982296,319978800115450.56,0.0016268964615809,0.001053815300759
131,131,0.01,1750.0,5,1,500000.0,0.3,0.3,0.3,0.3,0.3,0.3,,1.75,20847.09,4.169417999999999,1750.0,0.118076422847605,0.0091575956343058,0.0031356869328144,-0.0004715204599647,5.320495328740578e-07,21852743634970.05,14.936580447432766,62.27255987831456,326382791678390.2,0.0016279709943278,0.0010545113248002
132,132,0.01,1750.0,5,1,500000.0,0.1,0.0,0.0,0.0,0.0,0.0,,1.75,20817.75,4.163550000000002,1750.0,0.1178430293205701,0.0091204452096519,0.0031237739344403,-0.0004696554317499,-7.121904679356659e-07,21821988287425.145,14.955892794623288,62.26707746437271,326354057263569.75,0.0016256798031364,0.0010530272153984
133,133,0.01,1750.0,5,1,500000.0,0.3,0.0,0.0,0.0,0.0,0.0,,1.75,20871.64,4.174328000000002,1750.0,0.1193932780967657,0.0091577829222324,0.0031370366532469,-0.0004637486050658,6.822157255381946e-07,21878477915209.57,14.758542527002168,61.609234129079525,322906170350303.6,0.0016298881294248,0.0010557531409494
134,134,0.01,1750.0,5,1,500000.0,0.5,0.0,0.0,0.0,0.0,0.0,,1.75,20870.53,4.174106,1750.0,0.1202797603230055,0.0090620319297425,0.0031413533734152,-0.0004667451126733,1.291172317313709e-06,21877314369341.324,14.662116023678704,61.203312038559005,320778652461736.4,0.0016298014483675,0.0010556969936611
135,135,0.01,1750.0,5,1,500000.0,1.5,0.0,0.0,0.0,0.0,0.0,,1.75,20856.93,4.171385999999999,1750.0,0.1178674978064077,0.0091810485420989,0.0031315546288506,-0.0004732005340739,-2.195192193488653e-07,21863058311856.29,14.970799425295777,62.45504318196653,327339222732405.1,0.0016287394101875,0.0010550090629227
136,136,0.01,1750.0,5,1,500000.0,0.0,0.1,0.0,0.0,0.0,0.0,,1.75,20829.44,4.165888000000001,1750.0,0.1180189697009541,0.0091201561954982,0.0031291763080745,-0.0004717659051049,5.388022223964085e-07,21834242207425.152,14.914235182768518,62.12788597147424,325624527144383.2,0.001626592687425,0.0010536185323346
137,137,0.01,1750.0,5,1,500000.0,0.0,0.3,0.0,0.0,0.0,0.0,,1.75,20852.89,4.170577999999999,1750.0,0.1168220217470343,0.0090452472249319,0.0031769384583414,-0.0004706705901221,-8.992558929554039e-07,21858823424191.617,15.094846580068582,62.95435493346438,329956214288399.44,0.0016284239223751,0.0010548047070269
138,138,0.01,1750.0,5,1,500000.0,0.0,0.5,0.0,0.0,0.0,0.0,,1.75,20838.94,4.167788,1750.0,0.1189363079589611,0.0091209372034189,0.0031318519666408,-0.0004683891599237,1.378737543486288e-07,21844200482874.26,14.80245534641784,61.6904777575146,323331984261062.2,0.0016273345523302,0.0010540990721886
139,139,0.01,1750.0,5,1,500000.0,0.0,1.5,0.0,0.0,0.0,0.0,,1.75,20838.38,4.167675999999999,1750.0,0.1177483199583298,0.0090405833134371,0.0031453709266337,-0.0004664035705515,1.7884451985104377e-06,21843613468742.51,14.953405314368068,62.31878133425322,326625047462545.8,0.0016272908213463,0.0010540707456288
140,140,0.01,1750.0,5,1,500000.0,0.0,0.0,0.1,0.0,0.0,0.0,,1.75,20846.52,4.169304,1750.0,0.1179626376695432,0.0090449135918118,0.0031563485795501,-0.0004725235932528,-7.467189283053621e-07,21852146138443.11,14.95983572530585,62.37496001834111,326919491047027.5,0.0016279264824335,0.001054482492409
141,141,0.01,1750.0,5,1,500000.0,0.0,0.0,0.3,0.0,0.0,0.0,,1.75,20846.57,4.169314000000003,1750.0,0.1181179338074207,0.0091113173976163,0.0031312079957688,-0.0004704130462667,-4.42107824659183e-07,21852198550419.16,14.90802242073086,62.155995507135145,325771854775360.8,0.0016279303869856,0.0010544850215661
142,142,0.01,1750.0,5,1,500000.0,0.0,0.0,0.5,0.0,0.0,0.0,,1.75,20857.55,4.171509999999999,1750.0,0.1172142208723926,0.0091031174494863,0.0031536227044473,-0.0004647145267054,-6.832067411901408e-07,21863708220359.28,15.040161359563616,62.73653043114584,328814553028582.75,0.0016287878266339,0.0010550404244711
143,143,0.01,1750.0,5,1,500000.0,0.0,0.0,1.5,0.0,0.0,0.0,,1.75,20848.46,4.169692,1750.0,0.1193315353630691,0.0091045573830314,0.0031190158721048,-0.0004729551341264,1.7235459955647935e-06,21854179723113.78,14.770707933276135,61.59636854947245,322838739305282.75,0.0016280779790562,0.0010545806237055
144,144,0.01,1750.0,5,1,500000.0,0.0,0.0,0.0,0.1,0.0,0.0,,1.75,20817.79,4.163557999999998,1750.0,0.119042156661635,0.0090072532256878,0.0031313358503758,-0.0004663161707233,7.16667341133671e-07,21822030217005.977,14.781535298237756,61.54535245714322,322571353884361.25,0.0016256829267781,0.0010530292387241
145,145,0.01,1750.0,5,1,500000.0,0.0,0.0,0.0,0.3,0.0,0.0,,1.75,20829.78,4.165956,1750.0,0.1171052772454254,0.0091166877522372,0.0031344158738897,-0.0004650384601419,1.5376589138260376e-06,21834598608862.28,15.04547407622618,62.67708639175548,328502995071710.94,0.0016266192383795,0.0010536357306031
146,146,0.01,1750.0,5,1,500000.0,0.0,0.0,0.0,0.5,0.0,0.0,,1.75,20843.75,4.168749999999999,1750.0,0.1183633117728641,0.0091335872404874,0.0031415568326066,-0.0004673110015,1.6901957248974895e-06,21849242514970.06,14.8802296858184,62.03239075988553,325124017870135.4,0.0016277101702453,0.0010543423771042
147,147,0.01,1750.0,5,1,500000.0,0.0,0.0,0.0,1.5,0.0,0.0,,1.75,20842.57,4.168514000000001,1750.0,0.1199045114884051,0.0090716463465602,0.0031266214638112,-0.0004629442463715,1.984534427930001e-07,21848005592335.32,14.702663644554368,61.28786393079433,321221805636800.4,0.001627618022815,0.001054282688996
148,148,0.01,1750.0,5,1,500000.0,0.0,0.0,0.0,0.0,0.1,0.0,,1.75,20840.38,4.168075999999998,1750.0,0.1187715956551801,0.0090579359977466,0.0031280730833955,-0.0004718639400545,3.8942549100339524e-07,21845709947784.44,14.86294134062221,61.94490427052136,324665483891628.56,0.0016274470034316,0.0010541719119139
149,149,0.01,1750.0,5,1,500000.0,0.0,0.0,0.0,0.0,0.3,0.0,,1.75,20851.8,4.170359999999998,1750.0,0.1170369266899819,0.0092125269795713,0.0031598884074725,-0.0004672290643547,3.8082088685898323e-07,21857680843113.77,15.04597851821486,62.74863542232112,328877997679336.6,0.0016283388031386,0.0010547495714016
150,150,0.01,1750.0,5,1,500000.0,0.0,0.0,0.0,0.0,0.5,0.0,,1.75,20862.87,4.172574000000001,1750.0,0.1167291705717161,0.0091335145646891,0.0031368651511449,-0.0004665663403125,-8.616306742887279e-07,21869284854610.777,15.083594828253874,62.93819762866644,329871530661192.5,0.0016292032709808,0.0010553095267894
151,151,0.01,1750.0,5,1,500000.0,0.0,0.0,0.0,0.0,1.5,0.0,,1.75,20833.87,4.166774,1750.0,0.1185194657836996,0.0091818778888688,0.0031402105754376,-0.0004728796037411,1.4309717151595786e-06,21838885908503.0,14.8481532089039,61.86514085689042,324247428079156.0,0.0016269386307439,0.001053842615656
152,152,0.01,1750.0,5,1,500000.0,0.0,0.0,0.0,0.0,0.0,0.1,,1.75,20840.32,4.168064000000001,1750.0,0.1172688870497108,0.0090470159803696,0.0031212459119498,-0.0004726662055076,-1.6333978418174632e-06,21845647053413.168,15.012346994305538,62.57017805706522,327942667364000.06,0.001627442317969,0.0010541688769253
153,153,0.01,1750.0,5,1,500000.0,0.0,0.0,0.0,0.0,0.0,0.3,,1.75,20856.52,4.171304000000002,1750.0,0.1191041984147636,0.0090494301545847,0.0031250353223627,-0.0004707663978026,-9.441179458416048e-07,21862628533652.703,14.806986738089694,61.758959046662255,323690908229715.6,0.00162870739286,0.0010549883238343
154,154,0.01,1750.0,5,1,500000.0,0.0,0.0,0.0,0.0,0.0,0.5,,1.75,20828.74,4.165748000000002,1750.0,0.1199107206735379,0.0090632627675866,0.0031556045549296,-0.0004699008756296,-3.8212629082324155e-08,21833508439760.48,14.697856355641374,61.22439481423904,320889151455132.8,0.0016265380236951,0.0010535831241348
155,155,0.01,1750.0,5,1,500000.0,0.0,0.0,0.0,0.0,0.0,1.5,,1.75,20830.03,4.166005999999999,1750.0,0.1199493635650515,0.0090305756785796,0.0031343120879539,-0.0004704817030385,6.399898168323943e-07,21834860668742.52,14.6913609812095,61.20460726472792,320785440998030.25,0.0016266387611401,0.0010536483763887
156,156,0.01,2000.0,5,1,500000.0,0.0,0.0,0.0,0.0,0.0,0.0,,2.0,22634.26,4.526851999999999,2000.0,0.1434316130898514,0.0091534901756976,0.0031287876661043,-0.000453544511322,1.4512177879420997e-07,21897991466626.742,14.037121996932832,63.54779975661946,307403285283759.6,0.0018663554030459,0.0011547563697576
157,157,0.01,2000.0,5,1,500000.0,0.3,0.3,0.3,0.3,0.3,0.3,,2.0,22653.33,4.530666000000002,2000.0,0.1422753312962299,0.0090966181233311,0.0031523487461256,-0.0004478328700392,-1.5506286575718684e-07,21916441139700.598,14.148249309752927,64.0927147926311,310039232915495.6,0.0018679278599115,0.0011557292844441
158,158,0.01,2000.0,5,1,500000.0,0.1,0.0,0.0,0.0,0.0,0.0,,2.0,22633.24,4.526648000000001,2000.0,0.1452305117631749,0.009035446536963,0.0031553931732577,-0.0004533696525378,6.714281900014876e-07,21897004646147.703,13.867675528407272,62.77819844504546,303680450308471.8,0.0018662712968055,0.0011547043313213
159,159,0.01,2000.0,5,1,500000.0,0.3,0.0,0.0,0.0,0.0,0.0,,2.0,22647.54,4.529508000000002,2000.0,0.143935703124755,0.0089384098065423,0.0031463709944307,-0.0004478044678247,-9.10273300274086e-07,21910839482275.44,13.98642087335706,63.3496559315453,306444793203471.2,0.001867450433312,0.001155433889791
160,160,0.01,2000.0,5,1,500000.0,0.5,0.0,0.0,0.0,0.0,0.0,,2.0,22640.82,4.528163999999998,2000.0,0.1442329809026978,0.0091210260496613,0.0031369783450879,-0.0004549645113569,4.6248487810183444e-07,21904338076766.47,13.939774597873232,63.12138936253167,305340586708455.0,0.0018668963216111,0.0011550910483283
161,161,0.01,2000.0,5,1,500000.0,1.5,0.0,0.0,0.0,0.0,0.0,,2.0,22624.46,4.524892000000001,2000.0,0.1425805006204746,0.0090690028502428,0.0031447514490494,-0.0004508023192635,9.312012988819701e-08,21888510250259.49,14.13590660455885,63.96196010887749,309406726054423.6,0.001865547323482,0.0011542563926246
162,162,0.01,2000.0,5,1,500000.0,0.0,0.1,0.0,0.0,0.0,0.0,,2.0,22630.6,4.526119999999999,2000.0,0.1418938748218306,0.0091013419102292,0.003135694880449,-0.0004597371308282,3.678333786677268e-07,21894450522554.89,14.18428664151104,64.19665845632423,310542045346863.5,0.0018660536100659,0.0011545696436039
163,163,0.01,2000.0,5,1,500000.0,0.0,0.3,0.0,0.0,0.0,0.0,,2.0,22648.46,4.529692,2000.0,0.1437877119245217,0.0089925589006184,0.0031410755146815,-0.0004558440882283,3.426414044918868e-07,21911729555648.7,13.988050521706889,63.36291258170528,306508920330242.5,0.0018675262938425,0.0011554808264198
164,164,0.01,2000.0,5,1,500000.0,0.0,0.5,0.0,0.0,0.0,0.0,,2.0,22638.69,4.527738,2000.0,0.1450757320058346,0.0091836869212814,0.0031546047241168,-0.0004468398006607,-9.73027011836157e-07,21902277363413.17,13.883642225257065,62.86123028220541,304082104805147.8,0.0018667206879916,0.001154982379829
165,165,0.01,2000.0,5,1,500000.0,0.0,1.5,0.0,0.0,0.0,0.0,,2.0,22509.9,4.501979999999998,2000.0,0.1430271919846245,0.0090768016475307,0.0031247222586647,-0.0004538637011164,-4.650971811141819e-07,21777676765868.266,14.09074708241744,63.39907860475387,306683868233133.9,0.0018561010382943,0.0011484117619753
166,166,0.01,2000.0,5,1,500000.0,0.0,0.0,0.1,0.0,0.0,0.0,,2.0,22620.74,4.524147999999999,2000.0,0.1429773502902662,0.0090749085679056,0.0031439251128892,-0.0004479138985065,1.945142103856062e-06,21884911257924.145,14.091697965551436,63.75072327696698,308384898448260.75,0.0018652405830761,0.0011540666053863
167,167,0.01,2000.0,5,1,500000.0,0.0,0.0,0.3,0.0,0.0,0.0,,2.0,22617.51,4.523502000000001,2000.0,0.1443377608994092,0.0090314517980595,0.0031498349706865,-0.0004533177647205,2.605241222189104e-07,21881786326407.184,13.932380587388916,63.02671632461869,304882619587741.1,0.0018649742466484,0.0011539018170047
168,168,0.01,2000.0,5,1,500000.0,0.0,0.0,0.5,0.0,0.0,0.0,,2.0,22629.22,4.525844000000001,2000.0,0.1433840431738371,0.0090297499448894,0.0031426737781625,-0.0004508600456664,8.604834296225921e-07,21893115412495.01,14.024599042397718,63.47485908681551,307050445348869.6,0.0018659398192701,0.0011544992386606
169,169,0.01,2000.0,5,1,500000.0,0.0,0.0,1.5,0.0,0.0,0.0,,2.0,22648.41,4.529681999999999,2000.0,0.142475963585889,0.0091393581258461,0.0031457323627408,-0.0004514989423501,1.0429720282917503e-06,21911681182095.81,14.125178273425323,63.98817679581614,309533545483657.4,0.0018675221709876,0.0011554782755161
170,170,0.01,2000.0,5,1,500000.0,0.0,0.0,0.0,0.1,0.0,0.0,,2.0,22640.29,4.528058000000001,2000.0,0.1417435195126472,0.0090619519823783,0.003119116346113,-0.0004478224682274,1.6307275620936634e-06,21903825317105.79,14.188681195804802,64.24896067009115,310795049737277.4,0.0018668526193489,0.0011550640087487
171,171,0.01,2000.0,5,1,500000.0,0.0,0.0,0.0,0.3,0.0,0.0,,2.0,22613.56,4.522711999999999,2000.0,0.1450867928999969,0.0090039880892471,0.0031413189176537,-0.0004549760632101,1.324396498467118e-06,21877964815728.547,13.883829279159988,62.79048403948776,303739880093730.8,0.0018646485411099,0.0011537002956092
172,172,0.01,2000.0,5,1,500000.0,0.0,0.0,0.0,0.5,0.0,0.0,,2.0,22650.49,4.5300980000000015,2000.0,0.1432069889871377,0.0090308076311501,0.0031318621010894,-0.0004552235020591,-6.145623211750424e-07,21913693521896.21,14.055560783762528,63.67376222929851,308012610517242.2,0.0018676936817522,0.0011555843931117
173,173,0.01,2000.0,5,1,500000.0,0.0,0.0,0.0,1.5,0.0,0.0,,2.0,22636.99,4.527397999999998,2000.0,0.1448933532834553,0.0091723628405036,0.0031485544121118,-0.0004538518245444,-5.250543730663018e-07,21900632662614.773,13.91000077334825,62.976960608243,304641933509952.06,0.0018665805109244,0.0011548956491018
174,174,0.01,2000.0,5,1,500000.0,0.0,0.0,0.0,0.0,0.1,0.0,,2.0,22629.77,4.525953999999997,2000.0,0.1461591700401095,0.009091337293247,0.0031595730583776,-0.0004498568087391,1.3993257812535176e-07,21893647521576.844,13.766136158777968,62.30391508091313,301386173168301.7,0.0018659851706742,0.0011545272986018
175,175,0.01,2000.0,5,1,500000.0,0.0,0.0,0.0,0.0,0.3,0.0,,2.0,22649.64,4.529928000000001,2000.0,0.1438568984412881,0.009160832892558,0.0031521687437542,-0.0004492015672186,-8.695533815241934e-07,21912871171497.01,13.999299853607813,63.41276918952752,306750094455803.9,0.0018676235932186,0.0011555410277481
176,176,0.01,2000.0,5,1,500000.0,0.0,0.0,0.0,0.0,0.5,0.0,,2.0,22622.56,4.524511999999999,2000.0,0.145393387224044,0.0090019414422028,0.0031560639519001,-0.0004520817617644,2.396745044926694e-07,21886672055249.504,13.841843184343254,62.62805672240156,302954161452277.4,0.0018653906549951,0.0011541594582825
177,177,0.01,2000.0,5,1,500000.0,0.0,0.0,0.0,0.0,1.5,0.0,,2.0,22616.89,4.523377999999999,2000.0,0.143337302484665,0.0090790104866932,0.003152155885298,-0.00044986203867,1.1963833949291403e-06,21881186494351.293,14.057294754983094,63.57739078686314,307546427610428.4,0.0018649231232474,0.0011538701857983
178,178,0.01,2000.0,5,1,500000.0,0.0,0.0,0.0,0.0,0.0,0.1,,2.0,22638.42,4.527684000000001,2000.0,0.1434289787412331,0.0091078241347694,0.0031455532078647,-0.0004511026726512,1.1239799087180609e-06,21902016146227.543,14.021084330636311,63.48475300254182,307098305734441.4,0.001866698424575,0.0011549686049488
179,179,0.01,2000.0,5,1,500000.0,0.0,0.0,0.0,0.0,0.0,0.3,,2.0,22637.8,4.527560000000001,2000.0,0.1438138063227347,0.0090764353851177,0.0031309500127523,-0.0004486324104225,8.343917747770723e-07,21901416314171.65,13.991229505335063,63.34346157585356,306414828904201.3,0.001866647301174,0.0011549369737424
180,180,0.01,2000.0,5,1,500000.0,0.0,0.0,0.0,0.0,0.0,0.5,,2.0,22644.07,4.528814000000002,2000.0,0.1427805766064557,0.0091186068625182,0.0031425894273796,-0.0004523940495264,5.872262176173815e-07,21907482357704.586,14.09250731233886,63.814519225863165,308693502119097.25,0.0018671643071807,0.0011552568570714
181,181,0.01,2000.0,5,1,500000.0,0.0,0.0,0.0,0.0,0.0,1.5,,2.0,22627.76,4.525551999999999,2000.0,0.1448822322428236,0.008960891770089,0.0031441960516882,-0.0004510568878351,3.986612313900759e-07,21891702904750.49,13.895317563483363,62.88694505874568,304206496315461.2,0.0018658194319065,0.0011544247522714
