,Simulation Number,ExitSlit.totalHeight,CPMU20.photonEnergy,PG.orderDiffraction,CPMU20.numberRays,PG.cFactor,SourcePhotonFlux,NumberRaysSurvived,PercentageRaysSurvived,PhotonFlux,PhotonEnergy,Bandwidth,HorizontalFocusFWHM,VerticalFocusFWHM,EnergyPerMilPerBw,FluxPerMilPerBwPerc,FluxPerMilPerBwAbs
0,0,0.02,502,2,500000.0,1.17662360156545,,5127.5,1.0255,,251.0,0.019338322216640332,0.009009237393916968,0.003523259636126105,6.494838279677934,13.316969198675276,
1,1,0.02,522,2,500000.0,1.184814908884,,5013.0,1.0026,,261.0,0.020549723582291794,0.009717779122218537,0.003597824299190054,6.3598930069950095,12.758738881602536,
2,2,0.02,542,2,500000.0,1.19557065892945,,4860.25,0.97205,,271.0,0.02043161893470824,0.009107582030885158,0.003598604391076753,6.648064979973164,12.93149048322238,
3,3,0.02,562,2,500000.0,1.20653239223348,,4461.25,0.89225,,281.0,0.02033568822577081,0.009169707253946271,0.003755214613150181,6.927758592266922,12.357507126750532,
4,4,0.02,582,2,500000.0,1.21559007975785,,3189.25,0.63785,,291.0,0.020075490092125392,0.009154984012497376,0.003517029364188076,7.25149339701852,9.254689927531906,
5,5,0.02,602,2,500000.0,1.22050059246538,,3877.0,0.7753999999999999,,301.0,0.021199163244205007,0.00893964727393454,0.003687305829122014,7.10845833730132,11.02613984955946,
6,6,0.02,622,2,500000.0,1.22741865002142,,4115.25,0.82305,,311.0,0.021389340089427833,0.009437627488737688,0.0034710582406979884,7.2733479855793535,11.97201608053048,
7,7,0.02,642,2,500000.0,1.23521015912391,,4255.5,0.8510999999999999,,321.0,0.02074694158309853,0.01025246297905479,0.0036306015509209983,7.738615202965544,13.175023932295288,
8,8,0.02,662,2,500000.0,1.24314995045508,,4395.25,0.87905,,331.0,0.02350937008853293,0.009400811458949835,0.0036420027545077914,7.040549623798109,12.378178312370409,
9,9,0.02,682,2,500000.0,1.2512710931248,,4429.5,0.8858999999999998,,341.0,0.02509963820759253,0.009070040288321018,0.0035242581413465306,6.793347474032196,12.036517219735359,
10,10,0.02,702,2,500000.0,1.25928548443795,,4452.0,0.8904,,351.0,0.024482310322440522,0.008817057562696106,0.0037120205390733306,7.174428118843512,12.774273427287797,
11,11,0.02,722,2,500000.0,1.26742532522346,,4555.0,0.911,,361.0,0.025648197280645487,0.009390607969991858,0.003571366295596832,7.038197919200843,12.823884220466889,
12,12,0.02,742,2,500000.0,1.27528577565715,,4618.25,0.92365,,371.0,0.024372668697850482,0.009745351795994664,0.0035002024882620428,7.649727923896925,14.132485646250412,
13,13,0.02,762,2,500000.0,1.28337129179016,,4614.75,0.92295,,381.0,0.027709016587266433,0.009138880864335133,0.003702607205346493,6.888414685344961,12.717663730621759,
14,14,0.02,782,2,500000.0,1.29164824012589,,4718.5,0.9437,,391.0,0.02534468474638629,0.00890343919761955,0.00365405949488276,7.785631469406966,14.700440059558447,
15,15,0.02,802,2,500000.0,1.30021834112426,,4795.5,0.9591,,401.0,0.026877400180723043,0.00939401786922826,0.0035466326240446667,7.463974175933888,14.31555931118476,
16,16,0.02,822,2,500000.0,1.30869521201282,,4804.5,0.9609,,411.0,0.026278699176856435,0.00911697002427496,0.0034826966047948288,7.8208952922474975,15.029717181608117,
17,17,0.02,842,2,500000.0,1.31711516242917,,4915.75,0.98315,,421.0,0.026723607998860643,0.009125367984235858,0.0036770940517100582,7.900073200619444,15.539173243669095,
18,18,0.02,862,2,500000.0,1.3257059739536,,5009.25,1.00185,,431.0,0.029712377060036488,0.009813897615255142,0.0035735031027465374,7.254944976763506,14.536082927927051,
19,19,0.02,882,2,500000.0,1.33418690330805,,5040.25,1.00805,,441.0,0.03078589410739596,0.009392881853857596,0.003637687086590935,7.170077849989834,14.458015167423204,
20,20,0.02,902,2,500000.0,1.34305723027778,,5099.25,1.01985,,451.0,0.031018596749504468,0.00984371243105381,0.0035975495998514513,7.275894535951741,14.84167117107994,
21,21,0.02,922,2,500000.0,1.35202507217289,,5128.75,1.02575,,461.0,0.031225584632210257,0.009303168004487465,0.0035254419627592506,7.394166866989154,15.168558018535332,
22,22,0.02,942,2,500000.0,1.36109770020853,,5173.75,1.0347499999999998,,471.0,0.032055192689796286,0.0088525335131119,0.0036815578429460526,7.350073506336118,15.209859712360355,
23,23,0.02,962,2,500000.0,1.37010270270469,,5156.0,1.0312,,481.0,0.031628906645295274,0.009268418011206023,0.0035900184126925186,7.606495808411438,15.687608335777602,
24,24,0.02,982,2,500000.0,1.37934440695512,,5215.0,1.043,,491.0,0.03101026714878685,0.00945603471694,0.0037081158373565913,7.9449351637092285,16.5699159320547,
25,25,0.02,1002,2,500000.0,1.38819192301866,,5337.5,1.0675,,501.0,0.031897832425272554,0.009011521607918384,0.00365711903338778,7.864195330645712,16.78664569143148,
26,26,0.02,1022,2,500000.0,1.39749037919015,,5348.5,1.0697,,511.0,0.030446850904667144,0.008981306384837417,0.003662662268732009,8.392168494216826,17.954411741416212,
27,27,0.02,1042,2,500000.0,1.40690115714451,,5367.5,1.0735,,521.0,0.031777382815903366,0.00964120590742078,0.0034864790466266737,8.236753857313833,17.70315144068559,
28,28,0.02,1062,2,500000.0,1.41643111237549,,5458.25,1.09165,,531.0,0.035097858879055366,0.00897334196751551,0.003662139584747199,7.607985059580199,16.603099402823837,
29,29,0.02,1082,2,500000.0,1.42608801864174,,5473.0,1.0946,,541.0,0.0351679615600915,0.01005283498680268,0.003666258328655801,7.746847750136919,16.960576041094207,
30,30,0.02,1102,2,500000.0,1.43534393733411,,5504.25,1.1008499999999999,,551.0,0.033860186028789485,0.00930950814789386,0.003584475647777376,8.139194282120105,17.921195219949723,
31,31,0.02,1122,2,500000.0,1.44497470086693,,5554.25,1.11085,,561.0,0.033831392001445686,0.009381626108290055,0.0036746011728981103,8.404425208753011,18.675136644216597,
32,32,0.02,1142,2,500000.0,1.45469620088515,,5546.0,1.1092,,571.0,0.03705768985525992,0.009541889662493667,0.003676020049464216,7.708653893340298,17.101766810760367,
33,33,0.02,1162,2,500000.0,1.46474671629238,,5583.0,1.1166,,581.0,0.035127630880026565,0.009577205624296585,0.00363496165103146,8.276981300586334,18.483036530291443,
34,34,0.02,1182,2,500000.0,1.47474509520611,,5655.75,1.1311499999999999,,591.0,0.03420177367257793,0.0087324756100004,0.0035638713770048598,8.653620305136045,19.57574151993419,
35,35,0.02,1202,2,500000.0,1.48420475439885,,5621.75,1.12435,,601.0,0.034819309383976815,0.009378523815682506,0.003804770219918072,8.631633556645692,19.41194057672999,
36,36,0.02,1222,2,500000.0,1.49435122001166,,5638.0,1.1276,,611.0,0.03788891751230494,0.009149990714420606,0.003625106968395344,8.119121435657695,18.32360291532793,
37,37,0.02,1242,2,500000.0,1.50458299346498,,5744.75,1.14895,,621.0,0.03959252893662324,0.009443452506777852,0.0035265753232765575,7.844768616049129,18.025141077481983,
38,38,0.02,1262,2,500000.0,1.51490270238743,,5687.75,1.13755,,631.0,0.03971070852310277,0.009866809305401396,0.003608854176823847,7.946556284280708,18.077149268147807,
39,39,0.02,1282,2,500000.0,1.52531141053088,,5802.5,1.1605,,641.0,0.03542700727331294,0.008955229237485377,0.003634180906568801,9.087472160108515,21.110997930180776,
40,40,0.02,1302,2,500000.0,1.53529692139643,,5810.5,1.1621,,651.0,0.040589887940257086,0.00893688259621278,0.0036355368714198312,8.019552066454654,18.639774822656506,
41,41,0.02,1322,2,500000.0,1.54611350370685,,5763.0,1.1526,,661.0,0.03913368082305624,0.008909568518333924,0.003605879065374839,8.510311182044575,19.597903326908565,
42,42,0.02,1342,2,500000.0,1.55622777412061,,5801.5,1.1603,,671.0,0.03890129466537928,0.009290047721832912,0.0035397862737662484,8.624486217551066,20.01341718705073,
43,43,0.02,1362,2,500000.0,1.5672334053583,,5885.5,1.1771,,681.0,0.04030406473737003,0.009033378089336793,0.003650169437582516,8.45690717099967,19.908008314956817,
44,44,0.02,1382,2,500000.0,1.5774790998375,,5824.5,1.1649,,691.0,0.0388261037853681,0.009480843969975042,0.003562032547675603,8.899200148232705,20.73469705799983,
45,45,0.02,1402,2,500000.0,1.58867462374292,,5955.0,1.191,,701.0,0.03913942568277662,0.00894902510896747,0.0035121701827603193,8.957556499969494,21.337455805164524,
46,46,0.02,1422,2,500000.0,1.59905294879362,,5983.0,1.1966,,711.0,0.04447766968428368,0.009463354789979204,0.0035755709891260486,7.994637076110934,19.134742099976407,
47,47,0.02,1442,2,500000.0,1.61044060976595,,5999.75,1.1999499999999999,,721.0,0.04447063513748617,0.00955433127430944,0.0035739633646689507,8.124197302225129,19.49699547771519,
48,48,0.02,1462,2,500000.0,1.62094413794722,,6044.25,1.20885,,731.0,0.04067065999799979,0.009508987924381446,0.0036759589488195217,9.015222411247793,21.792814249112155,
49,49,0.02,1482,2,500000.0,1.63252361152239,,5964.5,1.1929,,741.0,0.04317003388064222,0.008769051821828182,0.003706874372048836,8.602887698910969,20.52392863598468,
50,50,0.02,1502,2,500000.0,1.64315853578386,,6085.75,1.21715,,751.0,0.044217704613458864,0.008251818388079585,0.003635677172709012,8.51216601849951,20.721786076137548,
51,51,0.02,1522,2,500000.0,1.65494170927134,,6041.25,1.20825,,761.0,0.044351341897424845,0.009210970700681326,0.003656287883569359,8.580174538240295,20.734615621653525,
52,52,0.02,1542,2,500000.0,1.6668514497279,,6164.75,1.23295,,771.0,0.04570099148247664,0.009511791009215368,0.003642562999282133,8.443784504001822,20.81678104212496,
53,53,0.02,1562,2,500000.0,1.67771008122563,,6130.0,1.226,,781.0,0.0471284725372243,0.008933321017240483,0.0035922817378399798,8.287607280874074,20.31693102686192,
54,54,0.02,1582,2,500000.0,1.68982661204537,,6148.75,1.22975,,791.0,0.04622640422093127,0.008647264842960398,0.003734607801118397,8.556933848614023,21.04499285361364,
55,55,0.02,1602,2,500000.0,1.70082426307364,,6225.5,1.2450999999999999,,801.0,0.0486481750244252,0.009176874479175192,0.0035952764229070745,8.23298720192058,20.50344038617154,
56,56,0.02,1622,2,500000.0,1.713153407462,,6268.75,1.25375,,811.0,0.04440904636823007,0.009902485605236403,0.0036085589905477055,9.176184730686755,23.014111356059455,
57,57,0.02,1642,2,500000.0,1.72428741222392,,6225.5,1.2451,,821.0,0.04871717029777756,0.009666553639410802,0.0036057737186945176,8.457976629533105,21.05147538431875,
58,58,0.02,1662,2,500000.0,1.73682623902021,,6272.0,1.2544,,831.0,0.05029900890377803,0.009865180048994,0.003626459111701623,8.268447414987396,20.7450016643206,
59,59,0.02,1682,2,500000.0,1.74809352760542,,6332.75,1.26655,,841.0,0.04480470054068064,0.009187912599602414,0.003564633890361192,9.390647806318384,23.7874726261908,
60,60,0.02,1702,2,500000.0,1.76085219547323,,6305.75,1.26115,,851.0,0.047843412632119,0.009264079157507358,0.0036186474622079616,8.893674632759025,22.432803132021057,
61,61,0.02,1722,2,500000.0,1.77374138198766,,6311.0,1.2622,,861.0,0.05380652507665218,0.008384271765667996,0.003672158833779296,8.000903675620476,20.197284176377945,
62,62,0.02,1742,2,500000.0,1.78522668397861,,6369.0,1.2738,,871.0,0.05022666168258638,0.009415828393256621,0.003568526901301422,8.670992787722529,22.08937589329305,
63,63,0.02,1762,2,500000.0,1.79833578017,,6332.25,1.2664499999999999,,881.0,0.04778128277337146,0.008920475723556679,0.0036756651181800008,9.21970082578121,23.352482754122146,
64,64,0.02,1782,2,500000.0,1.80996060028449,,6341.75,1.2683499999999999,,891.0,0.05032182743258318,0.009199096024169181,0.003534419945651352,8.85357860699008,22.46013491391053,
65,65,0.02,1802,2,500000.0,1.82329779796716,,6524.0,1.3048,,901.0,0.05114106302170285,0.009416593610934585,0.0034538180173034755,8.810667220208412,22.99302679867361,
66,66,0.02,1822,2,500000.0,1.8350535944249,,6396.75,1.27935,,911.0,0.05026957665268128,0.009058311697925354,0.003719920586073072,9.061363734679386,23.18570622905923,
67,67,0.02,1842,2,500000.0,1.84862940133004,,6432.0,1.2864,,921.0,0.05219107362302111,0.008593640310614924,0.003531421353768236,8.839195306201855,22.74664661459468,
68,68,0.02,1862,2,500000.0,1.86233432512373,,6460.5,1.2921,,931.0,0.051021858314811645,0.008948238186650921,0.0036998393357508784,9.126196186826135,23.584912505041128,
69,69,0.02,1882,2,500000.0,1.87432030347042,,6461.5,1.2923,,941.0,0.048109265113339454,0.008974121982904563,0.003727866871586941,9.780058885045545,25.27710606355604,
70,70,0.02,1902,2,500000.0,1.88826382191019,,6485.75,1.29715,,951.0,0.05241609788993173,0.00951787215709008,0.0037102077319922586,9.074440697620583,23.541167945682,
71,71,0.02,1940,2,500000.0,1.9133402868826,,6503.25,1.30065,,970.0,0.05375839419980366,0.009148627866066912,0.003550405512531143,9.042328009277265,23.525810063740074,
72,72,0.02,1980,2,500000.0,1.93999436174058,,6496.0,1.2992,,990.0,0.05142644829675192,0.00989056700830908,0.0037046812279443214,9.651397713261325,25.079794822319563,
73,73,0.02,2020,2,500000.0,1.96926697564054,,6453.75,1.29075,,1010.0,0.054329979890496816,0.009149769731854877,0.003671855233480568,9.331832993460834,24.081514729001,
74,74,0.02,2060,2,500000.0,1.99677823265283,,6138.25,1.22765,,1030.0,0.05751527306256321,0.009408493109157097,0.00371295748662228,8.954432896428422,21.984785444678764,
75,75,0.02,2100,2,500000.0,2.02466039073176,,6160.25,1.23205,,1050.0,0.06139624326738158,0.009459567020135312,0.0035865917784621334,8.551553843067147,21.073973996886036,
76,76,0.02,2140,2,500000.0,2.05291352466854,,6313.25,1.26265,,1070.0,0.06004493998057114,0.00892853158529473,0.0036322616384640263,8.92723435506452,22.5325283351787,
77,77,0.02,2180,2,500000.0,2.08431552800331,,6437.0,1.2873999999999999,,1090.0,0.05730133233430479,0.009049555598036742,0.003657357538839141,9.532277547355514,24.55241998089635,
78,78,0.02,2220,2,500000.0,2.11345312535308,,6553.75,1.31075,,1110.0,0.056526055334529694,0.009075104676406452,0.003529203907224108,9.818617858388425,25.738637919683526,
79,79,0.02,2260,2,500000.0,2.1429622327596,,6521.25,1.30425,,1130.0,0.06265227904782478,0.00935489165416916,0.0037682808825968872,9.027589758854724,23.54908487370698,
80,80,0.02,2300,2,500000.0,2.17604981157174,,6612.0,1.3224,,1150.0,0.06338082064951323,0.009029832586791181,0.0035880902143133582,9.078041596996698,24.00372779440724,
81,81,0.02,2340,2,500000.0,2.20643530549343,,6649.0,1.3298,,1170.0,0.0640220809755192,0.009498356886862775,0.003578743273751772,9.165369916955248,24.375509908896365,
82,82,0.02,2380,2,500000.0,2.2407253093739,,6620.75,1.32415,,1190.0,0.06249479964594684,0.009500001779451192,0.0035791505715627807,9.570305405776338,25.329000727599198,
83,83,0.02,2420,2,500000.0,2.27199922708582,,6700.5,1.3401,,1210.0,0.05906922926749303,0.008790261623381625,0.0037696223739526824,10.243112378289563,27.45280550977232,
84,84,0.02,2460,2,500000.0,2.30751577788907,,6687.75,1.33755,,1230.0,0.06384311072883975,0.009547031857763648,0.0036739089716640934,9.646356841078257,25.798756860507677,
85,85,0.02,2500,2,500000.0,2.33964985814201,,6673.25,1.33465,,1250.0,0.06315399086065554,0.009315720950559228,0.0037174908429079222,9.921441306574058,26.48165989643544,
86,86,0.02,2540,2,500000.0,2.37639841623405,,6628.5,1.3256999999999999,,1270.0,0.061829123380107376,0.008261434712704395,0.003648555152487587,10.270356989718838,27.230727895665105,
87,87,0.02,2580,2,500000.0,2.4093760120274,,6629.25,1.32585,,1290.0,0.06467772145208528,0.008843429804420745,0.003613210573342664,9.982813164373471,26.467226820926456,
88,88,0.02,2620,2,500000.0,2.44737634034406,,6692.25,1.33845,,1310.0,0.06973164575447299,0.009231315533026174,0.0034623684992726484,9.399032962128288,25.16372719091051,
89,89,0.02,2660,2,500000.0,2.48115748291476,,6796.5,1.3593,,1330.0,0.0713651072292123,0.00924651942132816,0.0037043828602695383,9.3213585587714,25.340638770397952,
90,90,0.02,2700,2,500000.0,2.52037924302545,,6765.75,1.3531499999999999,,1350.0,0.07692356039478909,0.009513768205266301,0.0037050452790348297,8.78280074492743,23.7695503369254,
91,91,0.02,2740,2,500000.0,2.56033075568009,,6826.0,1.3652,,1370.0,0.07143230170413517,0.009137466878410772,0.0035182404011893627,9.589570716075709,26.183500061099924,
92,92,0.02,2780,2,500000.0,2.59533132960116,,6816.75,1.36335,,1390.0,0.06684680141268018,0.0095369130550733,0.0035622684506230137,10.396963731115171,28.34891913902244,
93,93,0.02,2820,2,500000.0,2.63055503993081,,6787.5,1.3575,,1410.0,0.0770771315054617,0.009061696244264849,0.003658217243960785,9.146843088851359,24.834347200984624,
94,94,0.02,2860,2,500000.0,2.67213080713945,,6860.25,1.37205,,1430.0,0.08172795065661374,0.009327398273558015,0.003622666002720292,8.750621843366654,24.01264893500884,
95,95,0.02,2900,2,500000.0,2.71439989459601,,6787.5,1.3575,,1450.0,0.07729380653995575,0.009079968310142086,0.003683585271431315,9.534802037761079,25.938777094434837,
96,96,0.02,2940,2,500000.0,2.7573716065909,,6845.75,1.3691499999999999,,1470.0,0.08005789474475476,0.008494556220595204,0.0035518941985754485,9.188484518682477,25.158047236031816,
97,97,0.02,2980,2,500000.0,2.80100707437405,,6860.0,1.3719999999999999,,1490.0,0.07278487837879764,0.00906742692806635,0.003653161550548585,10.235666752021919,28.086559451309583,
98,98,0.02,3020,2,500000.0,2.84531874534409,,6863.75,1.37275,,1510.0,0.07181463364690899,0.009243529283768134,0.003592945895075601,10.541887741930564,28.93730636671299,
99,99,0.02,3060,2,500000.0,2.89022832317146,,6831.25,1.36625,,1530.0,0.07685106592657574,0.008877181088250707,0.0036923094465193206,9.966570969717928,27.2243249300796,
100,100,0.02,3100,2,500000.0,2.9357679455802,,6864.75,1.37295,,1550.0,0.08086731918240275,0.00925745612472816,0.0035662057832136318,9.603589103357136,26.37229171742413,
101,101,0.02,3140,2,500000.0,2.98191673850952,,6804.0,1.3608,,1570.0,0.07890921291891571,0.009473225707205792,0.003709936476876128,9.954160488896669,27.090508854409528,
102,102,0.02,3180,2,500000.0,3.01981053489921,,6734.25,1.34685,,1590.0,0.08150783926475923,0.009542536847804579,0.0036767122392142265,9.762779958997644,26.298567220391178,
103,103,0.02,3220,2,500000.0,3.06663905610976,,6799.0,1.3598,,1610.0,0.07940574287158597,0.009584466932890483,0.0037191996268732008,10.157870357181167,27.62967820877437,
104,104,0.02,3260,2,500000.0,3.11390134523994,,6702.5,1.3405,,1630.0,0.08323483807635057,0.009171569586336515,0.0035752394860560244,9.79179304857379,26.251908546663888,
105,105,0.02,3300,2,500000.0,3.16156718411374,,6708.75,1.34175,,1650.0,0.08685840847249436,0.009007216460637572,0.0035440349649809664,9.528608353684808,25.584281078336208,
106,106,0.02,3340,2,500000.0,3.2199363218843,,6724.0,1.3448,,1670.0,0.08575184533015091,0.008939209251319363,0.0037082211805654314,9.742298669690957,26.19960954507493,
107,107,0.02,3380,2,500000.0,3.2686439348652,,6685.25,1.33705,,1690.0,0.08496486219166854,0.009379532869367048,0.003716424663248664,9.960541198602431,26.640043713056148,
108,108,0.02,3420,2,500000.0,3.3175066557838,,6648.25,1.32965,,1710.0,0.08084598810194164,0.009313704593019246,0.003687900211158215,10.59243648684146,28.17693850008848,
109,109,0.02,3460,2,500000.0,3.36648067507975,,6670.5,1.3340999999999998,,1730.0,0.09349492614501287,0.009607668727657726,0.0035151127576145266,9.253213967485417,24.69132050524476,
110,110,0.02,3500,2,500000.0,3.42778962844707,,6670.75,1.33415,,1750.0,0.08366703118588247,0.008733321570584162,0.003527152049726163,10.476834511929887,27.96273188264705,
111,111,0.02,3540,2,500000.0,3.47714994222949,,6658.25,1.3316500000000002,,1770.0,0.09580058080939581,0.009320891113742851,0.0036277809810898016,9.237943511205293,24.60341670581731,
112,112,0.02,3580,2,500000.0,3.53967455909756,,6512.0,1.3024,,1790.0,0.08917626632137399,0.008676275235503024,0.003666243572032013,10.098879569179786,26.29713495818571,
113,113,0.02,3620,2,500000.0,3.60295263305225,,6552.25,1.31045,,1810.0,0.09724572555364829,0.008822696685559905,0.0037342543382158895,9.312273342716736,24.410280426413767,
114,114,0.02,3660,2,500000.0,3.65228949266039,,6413.25,1.2826499999999998,,1830.0,0.09187805499129809,0.008769524203537436,0.003532946199839641,9.984026303546479,25.616584814810732,
115,115,0.02,3700,2,500000.0,3.70099744748659,,6386.5,1.2772999999999999,,1850.0,0.09637893323224489,0.00930838259423132,0.003682797336470703,9.622249585624333,24.58421745639358,
116,116,0.02,3740,2,500000.0,3.74885067802124,,6327.75,1.26555,,1870.0,0.10008154440856742,0.009522259825783325,0.003580197440970197,9.345926359093124,23.6542547505384,
117,117,0.02,3780,2,500000.0,3.82819160856547,,6247.25,1.24945,,1890.0,0.10249960169153383,0.009385557472392727,0.003677308513912212,9.222471981770944,23.04473794700341,
118,118,0.02,3820,2,500000.0,3.89188744414466,,6199.0,1.2398,,1910.0,0.10262013227270472,0.00918858848931475,0.0036000666528797696,9.37353802050374,23.224665155947747,
119,119,0.02,3860,2,500000.0,3.93764934167081,,6142.0,1.2284,,1930.0,0.09873137914564721,0.009350332332746472,0.003579922651423793,9.8026159198437,24.09037637051801,
120,120,0.02,3900,2,500000.0,4.01836387682479,,6061.75,1.21235,,1950.0,0.1025685780623462,0.009504994510880174,0.00364583437026884,9.5067491238708,23.0503900822019,
121,121,0.02,3940,2,500000.0,4.06144504068815,,6077.75,1.21555,,1970.0,0.1056574824871177,0.009247208721215674,0.0036824047407994103,9.324424642666932,22.6685956226203,
122,122,0.02,3980,2,500000.0,4.14181347894905,,5941.75,1.18835,,1990.0,0.10622003124012735,0.008730024758236426,0.003780603314110176,9.36854343772828,22.268153814693328,
123,123,0.02,4020,2,500000.0,4.20163096522017,,5806.0,1.1612,,2010.0,0.1008134892693988,0.009546790555742608,0.003652357302186576,9.970390148303963,23.15472283283544,
124,124,0.02,4060,2,500000.0,4.28133904167396,,5789.0,1.1578,,2030.0,0.10614414292945185,0.00919756965341272,0.0036522165154246407,9.564162938639033,22.14369478506472,
125,125,0.02,4100,2,500000.0,4.33800413641743,,5683.5,1.1366999999999998,,2050.0,0.11076351699466612,0.009319687509299752,0.003476582133839825,9.278050443341005,21.09754318554756,
126,126,0.02,4140,2,500000.0,4.39203553043678,,5620.0,1.124,,2070.0,0.10797786387843188,0.00950610803658574,0.003578061274406638,9.585427893096172,21.549128807121637,
127,127,0.02,4180,2,500000.0,4.49142648540093,,5494.25,1.09885,,2090.0,0.11547875681981168,0.008997545188345172,0.003776393455037003,9.049745076715382,19.88892854502909,
128,128,0.02,4220,2,500000.0,4.54014619807071,,5310.75,1.06215,,2110.0,0.1096759777594798,0.009617365861800637,0.003572275413455532,9.661801540667952,20.521166469843088,
129,129,0.02,4260,2,500000.0,4.63698373150229,,5265.75,1.05315,,2130.0,0.10624471197070307,0.009806926780814516,0.0037087906654380337,10.037001412488294,21.149849014696706,
130,130,0.02,4300,2,500000.0,4.67799535753017,,5104.25,1.0208499999999998,,2150.0,0.11601401710231583,0.009595817684605453,0.0037175301120673846,9.266375888496713,18.91957218764536,
131,131,0.02,4340,2,500000.0,4.76956602764708,,5033.0,1.0066,,2170.0,0.11847491495950636,0.008947646578378748,0.003595838591630332,9.15857186892669,18.439328124964938,
132,132,0.02,4380,2,500000.0,4.82902597469063,,4965.25,0.99305,,2190.0,0.1214155449665668,0.009278024845899758,0.0034718166045736003,9.019981107855662,17.916971497171662,
133,133,0.02,4420,2,500000.0,4.85299849190085,,4811.5,0.9623,,2210.0,0.12026096043291544,0.009485177459802395,0.0035386645526574063,9.19076630631872,17.68425849330917,
134,134,0.02,4460,2,500000.0,4.96126439299933,,4677.5,0.9355000000000001,,2230.0,0.11930854444335635,0.009584819254179188,0.0034474092967655334,9.345571163785255,17.485847795776138,
135,135,0.02,4500,2,500000.0,5.03390777967259,,4558.5,0.9117,,2250.0,0.12949759503180755,0.008990771860707025,0.003667313264206064,8.690240254184678,15.844124629684892,
136,136,0.02,4540,2,500000.0,5.13327980426306,,4372.75,0.8745499999999998,,2270.0,0.12472981085375068,0.009278326585727846,0.00366201143029438,9.126358444346682,15.959705576570759,
137,137,0.02,4580,2,500000.0,5.1915616530718,,4249.25,0.84985,,2290.0,0.11370456391387052,0.009640863604630793,0.0036632096714037,10.070833676848425,17.11746179683846,
138,138,0.02,4620,2,500000.0,5.27607950618037,,4108.0,0.8216,,2310.0,0.13025492394353932,0.008800281443751225,0.003617691419466064,8.87569551478712,14.583446238751563,
139,139,0.02,4660,2,500000.0,5.31403296323338,,3974.75,0.79495,,2330.0,0.1311045221129916,0.008731562830427857,0.003596903199739908,8.886968698334808,14.127892375305867,
140,140,0.02,4700,2,500000.0,5.37696098997247,,3869.0,0.7738,,2350.0,0.12348941652544453,0.010270281424565344,0.003726672193477639,9.514997385710355,14.725537899906813,
141,141,0.02,4740,2,500000.0,5.46576162053198,,3678.75,0.7357499999999998,,2370.0,0.1367036381602702,0.00882048593083281,0.003457374566704503,8.691152731486845,12.778666986769531,
142,142,0.02,4780,2,500000.0,5.50107846400201,,3516.25,0.7032499999999999,,2390.0,0.12509682982317827,0.008846734947981761,0.0036081967337604167,9.589644851349874,13.477166645365536,
143,143,0.02,4820,2,500000.0,5.60158436369854,,3423.25,0.68465,,2410.0,0.13012015578851788,0.009578180687671535,0.0036829112127257767,9.261274043923809,12.681350482925,
144,144,0.02,4860,2,500000.0,5.68579300733066,,3281.75,0.65635,,2430.0,0.13777946456752943,0.008645571326012748,0.003515561313235947,8.818492507189886,11.57613584028058,
145,145,0.02,4900,2,500000.0,5.70607918152316,,3075.75,0.6151500000000001,,2450.0,0.12701154893784403,0.008601067602210334,0.0035097141094349105,9.680300084018707,11.916532693993528,
146,146,0.02,4940,2,500000.0,5.79187090357445,,2974.25,0.5948500000000001,,2470.0,0.1466425385929142,0.008835367796343174,0.0034094870970282727,8.422380230744137,10.019505431319669,
147,147,0.02,4980,2,500000.0,5.85260940838092,,2871.25,0.5742499999999999,,2490.0,0.13405810513336291,0.009387127280959832,0.003623087440097096,9.287028957949163,10.666072108330335,
148,148,0.02,5020,2,500000.0,5.88370805533401,,2724.0,0.5448,,2510.0,0.15045745551628897,0.008313421924804498,0.003762804712166988,8.353152269974867,9.101784072028078,
149,149,0.02,5060,2,500000.0,5.97762364573449,,2586.25,0.51725,,2530.0,0.1497616860206108,0.00898538554119796,0.0034197940181510096,8.44675321752549,8.738166246387852,
150,150,0.02,5100,2,500000.0,5.98566522431033,,2448.25,0.48965,,2550.0,0.13137123506771786,0.009977771388933283,0.0035478489165549744,9.740870766600215,9.542000507695098,
151,151,0.02,5140,2,500000.0,6.05046240373416,,2333.0,0.4666,,2570.0,0.13966355790580565,0.009605404370169289,0.00351053211298162,9.201376241274163,8.587027996445153,
152,152,0.02,5180,2,500000.0,6.06719135785489,,2228.25,0.44565,,2590.0,0.14574447009363212,0.00818092689667664,0.0035236281772486307,8.916063890366253,7.944117139738735,
153,153,0.02,5220,2,500000.0,6.13182087478199,,2125.25,0.42505,,2610.0,0.14821676574888443,0.009177094781828685,0.0036257747963604294,8.814661333479776,7.494678917453871,
154,154,0.02,5260,2,500000.0,6.18704915255539,,2006.75,0.40135,,2630.0,0.145695095342262,0.009827788671270083,0.0037360419568744233,9.044070141964273,7.268520472144689,
155,155,0.02,5300,2,500000.0,6.20709113408728,,1901.75,0.38035,,2650.0,0.15557145510115333,0.008980261882866662,0.0035282855588958007,8.5236882713726,6.486813814640728,
156,156,0.02,5340,2,500000.0,6.29518269467762,,1798.5,0.3597,,2670.0,0.1549606526593834,0.00863764317719138,0.0034567858400464968,8.62399797382445,6.201886819592751,
157,157,0.02,5380,2,500000.0,6.32906861969231,,1674.75,0.33495,,2690.0,0.1495174495134961,0.009136025164281712,0.0036056260922453526,8.998167748083473,6.028191435828861,
158,158,0.02,5420,2,500000.0,6.36385203035625,,1592.5,0.3185,,2710.0,0.14126968192272216,0.009168651364044007,0.00356834232099654,9.592803737151506,6.111632837813934,
159,159,0.02,5460,2,500000.0,6.39955377027064,,1511.0,0.3022,,2730.0,0.14666497898042508,0.009042838925498183,0.003597244983903697,9.320276952355096,5.63338704745115,
160,160,0.02,5500,2,500000.0,6.43619560112135,,1433.5,0.28669999999999995,,2750.0,0.17039887387340968,0.00839275039049295,0.003490416086649592,8.06944806037617,4.626829364914718,
161,161,0.02,5540,2,500000.0,6.47380024286971,,1358.5,0.2717,,2770.0,0.1565936779634285,0.009188534913620918,0.003688852172356909,8.868141195932646,4.822698875602369,
162,162,0.02,5580,2,500000.0,6.57487849067915,,1305.25,0.26105,,2790.0,0.17016196863232835,0.008244995531288588,0.003483491654224541,8.201111969986961,4.281563699448764,
163,163,0.02,5620,2,500000.0,6.61550323964032,,1260.0,0.252,,2810.0,0.18181855503667063,0.00851474218047328,0.0034412939885648426,7.746715856482805,3.9065062948999274,
164,164,0.02,5660,2,500000.0,6.65719616369663,,1177.75,0.23555,,2830.0,0.16602334784329287,0.008287143373949757,0.003385906719989693,8.527942950565011,4.016165646386504,
165,165,0.02,5700,2,500000.0,6.50695469362058,,1130.25,0.22605,,2850.0,0.1465008617878993,0.00905044808920074,0.0032082377362227855,9.737535363073091,4.398639824433406,
166,166,0.02,5740,2,500000.0,6.54761845812481,,1057.5,0.2115,,2870.0,0.16788603700365456,0.00966917536941499,0.0036827535455468815,8.559154869329145,3.6190674497361055,
167,167,0.02,5780,2,500000.0,6.58933858255238,,1007.0,0.2014,,2890.0,0.1610756792770189,0.008818227179408238,0.0033246552305046567,9.033017122661398,3.638649064557272,
168,168,0.02,5820,2,500000.0,6.44115787871136,,980.5,0.1961,,2910.0,0.16333426859978317,0.007847555889329727,0.0033549227423840125,8.908924002749334,3.4943861375638847,
169,169,0.02,5860,2,500000.0,6.48184465903661,,951.0,0.1902,,2930.0,0.1793184473024212,0.008458375030987855,0.003675674850114785,8.178178121174238,3.109933368210024,
170,170,0.02,5900,2,500000.0,6.85985152170491,,906.75,0.18135,,2950.0,0.16999861852468712,0.009372048204006738,0.0037990349359833904,8.69506719714492,3.156951846419516,
171,171,0.02,5940,2,500000.0,6.83721920171921,,868.0,0.1736,,2970.0,0.151898184695483,0.009173026340930451,0.003550884558314684,9.778190633749585,3.393677464291846,
172,172,0.02,5980,2,500000.0,7.51518993117889,,1118.0,0.2236,,2990.0,0.17580353184280284,0.008880639546598765,0.003561201922305608,8.58783657102061,3.8387815757636665,
173,173,0.05,502,2,500000.0,1.17662360156545,,12590.25,2.51805,,251.0,0.023228287100266694,0.009498133391035208,0.009341031765785102,5.4074645436913045,27.22767501037232,
174,174,0.05,522,2,500000.0,1.184814908884,,12604.75,2.52095,,261.0,0.02510038066318998,0.009722505570696675,0.009211749950103907,5.205810039553364,26.247714661324103,
175,175,0.05,542,2,500000.0,1.19557065892945,,12194.0,2.4388,,271.0,0.024481482884738167,0.009251150324305207,0.009295587718506835,5.534998952118598,26.99890706445224,
176,176,0.05,562,2,500000.0,1.20653239223348,,11307.5,2.2615,,281.0,0.02431286809502353,0.008993203894699478,0.009281910083378659,5.800089837890237,26.23654515476957,
177,177,0.05,582,2,500000.0,1.21559007975785,,7959.25,1.59185,,291.0,0.025632964423436988,0.00859964375536542,0.009292766517323144,5.683660963811912,18.092634814099195,
178,178,0.05,602,2,500000.0,1.22050059246538,,9736.25,1.94725,,301.0,0.026848065153899366,0.00904803388395413,0.009468522237510305,5.615741183786012,21.87677473539732,
179,179,0.05,622,2,500000.0,1.22741865002142,,10346.25,2.06925,,311.0,0.027209715047263217,0.009560229715553604,0.009373546907620753,5.718743270838813,23.667539890900407,
180,180,0.05,642,2,500000.0,1.23521015912391,,10662.5,2.1325,,321.0,0.030024083188436634,0.009129424693148506,0.009427422605606464,5.346086686301316,22.800304421123855,
181,181,0.05,662,2,500000.0,1.24314995045508,,10844.0,2.1688,,331.0,0.029856440672176632,0.008214812820338594,0.009351528849598462,5.543854116440494,24.045689291467642,
182,182,0.05,682,2,500000.0,1.2512710931248,,11100.5,2.2201000000000004,,341.0,0.033054226660425456,0.009389213496965455,0.009181906285416482,5.1582622323870915,22.904108203632852,
183,183,0.05,702,2,500000.0,1.25928548443795,,10966.0,2.1932,,351.0,0.03285793038776319,0.009628195670040033,0.009318315593364232,5.342953924164151,23.437385614333103,
184,184,0.05,722,2,500000.0,1.26742532522346,,11327.25,2.2654499999999995,,361.0,0.03231220206140505,0.008672422833687094,0.009202330862441632,5.5861341287782205,25.310097348661422,
185,185,0.05,742,2,500000.0,1.27528577565715,,11334.5,2.2669,,371.0,0.03064063184967836,0.00953617656439244,0.009055061347145732,6.054056478322289,27.44770814335489,
186,186,0.05,762,2,500000.0,1.28337129179016,,11672.75,2.33455,,381.0,0.03272534259613735,0.009028551828943684,0.009378245535380051,5.825158317718231,27.200850951963687,
187,187,0.05,782,2,500000.0,1.29164824012589,,11863.75,2.37275,,391.0,0.0317566124955988,0.009757377374077869,0.009122911720078872,6.157777325547933,29.22440464366844,
188,188,0.05,802,2,500000.0,1.30021834112426,,11986.75,2.39735,,401.0,0.03534148875826304,0.00911797489367416,0.009175870765271791,5.674478310377928,27.20886676882357,
189,189,0.05,822,2,500000.0,1.30869521201282,,12133.25,2.42665,,411.0,0.037012272672598094,0.00968251342587204,0.009244397412482609,5.553567154664769,26.95507909399486,
190,190,0.05,842,2,500000.0,1.31711516242917,,12222.5,2.4445,,421.0,0.03681487762253255,0.008640747032722326,0.009060596379612432,5.7185128784156625,27.95852602338248,
191,191,0.05,862,2,500000.0,1.3257059739536,,12428.75,2.4857500000000003,,431.0,0.03829271495658304,0.0088438082421963,0.009276000257547577,5.64270455163018,28.046624774003483,
192,192,0.05,882,2,500000.0,1.33418690330805,,12499.75,2.49995,,441.0,0.0373667160650939,0.008895319483458848,0.009285170647863853,5.9054298792183,29.52806754809715,
193,193,0.05,902,2,500000.0,1.34305723027778,,12749.5,2.5499,,451.0,0.04063564840583921,0.009926129732121158,0.009191845997209501,5.549315512000681,28.30044107488872,
194,194,0.05,922,2,500000.0,1.35202507217289,,12787.0,2.5574000000000003,,461.0,0.04189924054230687,0.009393599301465489,0.00923791156396611,5.5013503323618655,28.13805456104921,
195,195,0.05,942,2,500000.0,1.36109770020853,,12992.25,2.59845,,471.0,0.04234213655291796,0.009067787962815661,0.00924181745293574,5.5618478062193475,28.90437099367756,
196,196,0.05,962,2,500000.0,1.37010270270469,,13037.0,2.6074,,481.0,0.042043469526674926,0.00950427323280291,0.009273220547669433,5.722332005794309,29.833778120995056,
197,197,0.05,982,2,500000.0,1.37934440695512,,13139.75,2.62795,,491.0,0.04111014375249056,0.009831093272937056,0.00928499772360763,5.971930297806337,31.38671178157236,
198,198,0.05,1002,2,500000.0,1.38819192301866,,13234.5,2.6469,,501.0,0.04570557608835202,0.009629612276574226,0.009159073611625186,5.480744997189731,29.014169292685786,
199,199,0.05,1022,2,500000.0,1.39749037919015,,13294.25,2.65885,,511.0,0.04498340380200716,0.008942877814009487,0.009080756647822963,5.6813049961060385,30.209806654106774,
200,200,0.05,1042,2,500000.0,1.40690115714451,,13408.5,2.6817,,521.0,0.04657361780601832,0.009846214852820527,0.00931053391464104,5.602499714797541,30.047402380937807,
201,201,0.05,1062,2,500000.0,1.41643111237549,,13644.0,2.7288,,531.0,0.0505209255205159,0.009473916525219,0.009041670082424302,5.262180357020262,28.720594459056176,
202,202,0.05,1082,2,500000.0,1.42608801864174,,13561.75,2.71235,,541.0,0.04772139622150462,0.009390790273464872,0.009473964854736906,5.6694315496581975,30.753971672783564,
203,203,0.05,1102,2,500000.0,1.43534393733411,,13764.5,2.7529000000000003,,551.0,0.0501232324517673,0.00885677674961423,0.009343959777987743,5.516281587743639,30.38179564544346,
204,204,0.05,1122,2,500000.0,1.44497470086693,,13753.75,2.75075,,561.0,0.04668875581955945,0.009323223392439933,0.009278333080041043,6.007873447249746,33.05232037803789,
205,205,0.05,1142,2,500000.0,1.45469620088515,,13975.25,2.79505,,571.0,0.05054618926533294,0.009190710057723485,0.009221535498077128,5.6487475767720765,31.576978272947592,
206,206,0.05,1162,2,500000.0,1.46474671629238,,14037.0,2.8074,,581.0,0.05198279536477912,0.009193008098783257,0.009385430199004077,5.598048355329824,31.428294030068567,
207,207,0.05,1182,2,500000.0,1.47474509520611,,14048.25,2.80965,,591.0,0.051376888843378765,0.008996455164100813,0.009284673649796585,5.7566338687593115,32.34690966942776,
208,208,0.05,1202,2,500000.0,1.48420475439885,,14209.0,2.8418,,601.0,0.05460957814915446,0.009454801018095666,0.00913812818414723,5.502924236723965,31.275812902146296,
209,209,0.05,1222,2,500000.0,1.49435122001166,,14170.75,2.83415,,611.0,0.05377534478753887,0.009137163536306454,0.009209039681201044,5.681194428253892,32.20388798130465,
210,210,0.05,1242,2,500000.0,1.50458299346498,,14285.0,2.857,,621.0,0.05750838127841007,0.009236306157055745,0.009175554995835096,5.399843095241916,30.858891545414245,
211,211,0.05,1262,2,500000.0,1.51490270238743,,14313.5,2.8627,,631.0,0.0553806507267609,0.008721519681043122,0.00961799950232574,5.698371740311011,32.62672405764164,
212,212,0.05,1282,2,500000.0,1.52531141053088,,14468.0,2.8936,,641.0,0.05671623733405795,0.008739801126039306,0.009380463290740694,5.670588804051824,32.81576335114756,
213,213,0.05,1302,2,500000.0,1.53529692139643,,14583.0,2.9166,,651.0,0.05897245338491075,0.009105064752473784,0.009164178968983406,5.519545278986197,32.19641230395635,
214,214,0.05,1322,2,500000.0,1.54611350370685,,14504.5,2.9009,,661.0,0.06165020164996804,0.009509767457968752,0.009457442976567561,5.364195377620527,31.118953146473835,
215,215,0.05,1342,2,500000.0,1.55622777412061,,14662.25,2.93245,,671.0,0.059974110210760045,0.009391722858332717,0.009251377366402903,5.594183225046283,32.809816642460106,
216,216,0.05,1362,2,500000.0,1.5672334053583,,14798.5,2.9597,,681.0,0.06495580494055275,0.008565216527970316,0.009257944784220297,5.245759605090289,31.05661979991681,
217,217,0.05,1382,2,500000.0,1.5774790998375,,14766.0,2.9532,,691.0,0.06031609047420261,0.009351073599807623,0.009262212500579795,5.728568153343753,33.83451558018265,
218,218,0.05,1402,2,500000.0,1.58867462374292,,14880.0,2.976,,701.0,0.06169949955250331,0.009362589542847553,0.009349988644483916,5.685130755068306,33.83575424376895,
219,219,0.05,1422,2,500000.0,1.59905294879362,,14960.0,2.992,,711.0,0.06602593687421177,0.009374661991714285,0.009210430558546673,5.3842841937434365,32.21996862589998,
220,220,0.05,1442,2,500000.0,1.61044060976595,,14982.0,2.9964000000000004,,721.0,0.0652979608980786,0.009087282286893225,0.009143131905156174,5.523156019556261,33.104274680251265,
221,221,0.05,1462,2,500000.0,1.62094413794722,,14959.25,2.9918500000000003,,731.0,0.06334093269907726,0.009372665808930727,0.009287793943564852,5.770504297641328,34.528744563989925,
222,222,0.05,1482,2,500000.0,1.63252361152239,,15244.75,3.04895,,741.0,0.0689706291181551,0.009211226145030624,0.009348860661944618,5.374248914867335,32.768806275083335,
223,223,0.05,1502,2,500000.0,1.64315853578386,,15118.25,3.02365,,751.0,0.0702016249999815,0.008361911274777364,0.009385860574857505,5.354565603338108,32.3829504805516,
224,224,0.05,1522,2,500000.0,1.65494170927134,,15231.5,3.0462999999999996,,761.0,0.07036002604672831,0.00939777705682253,0.009150693286972208,5.413953870502104,32.98034840269479,
225,225,0.05,1542,2,500000.0,1.6668514497279,,15285.5,3.0571,,771.0,0.0709998450133753,0.009486972052218417,0.009433932517422916,5.430267552600384,33.203902353205486,
226,226,0.05,1562,2,500000.0,1.67771008122563,,15269.75,3.0539500000000004,,781.0,0.06907693410005322,0.009153986976728624,0.009190085249686085,5.655966357658301,34.54608961046384,
227,227,0.05,1582,2,500000.0,1.68982661204537,,15423.0,3.0846,,791.0,0.07756587312007923,0.008644601021849649,0.009306412589156833,5.098943722369782,31.456553202428573,
228,228,0.05,1602,2,500000.0,1.70082426307364,,15451.75,3.09035,,801.0,0.071652169634433,0.009236936604613053,0.00921137443880568,5.589908444555867,34.54938045070165,
229,229,0.05,1622,2,500000.0,1.713153407462,,15542.5,3.1085,,811.0,0.0779486318003819,0.008903923116139268,0.009216869341771693,5.202459766502034,32.3439761270499,
230,230,0.05,1642,2,500000.0,1.72428741222392,,15526.5,3.1053,,821.0,0.07630083515226715,0.0087443949386144,0.009233820413382653,5.381227290527704,33.42453563713336,
231,231,0.05,1662,2,500000.0,1.73682623902021,,15601.25,3.1202499999999995,,831.0,0.07709420085717511,0.009407092844160136,0.00928170125579983,5.41908423138777,33.80902795221938,
232,232,0.05,1682,2,500000.0,1.74809352760542,,15678.5,3.1357,,841.0,0.08053308677773428,0.008772168690054222,0.009289293448931472,5.228289308130835,32.78551821104693,
233,233,0.05,1702,2,500000.0,1.76085219547323,,15652.0,3.1304,,851.0,0.07927325922833006,0.009528335048547552,0.009147460644382785,5.3729409541652915,33.637234646448604,
234,234,0.05,1722,2,500000.0,1.77374138198766,,15693.5,3.1387,,861.0,0.07928727352134501,0.009157716232250873,0.009501570845073302,5.438651190517627,34.15153545353661,
235,235,0.05,1742,2,500000.0,1.78522668397861,,15918.0,3.1836,,871.0,0.07736056485151721,0.00894840835620613,0.009179714675071008,5.6363029288398945,35.88958541648192,
236,236,0.05,1762,2,500000.0,1.79833578017,,15821.0,3.1642,,881.0,0.08303690937481177,0.009981109611857534,0.00943951632113673,5.3052041385775,33.57403499251846,
237,237,0.05,1782,2,500000.0,1.80996060028449,,15951.75,3.1903500000000005,,891.0,0.08330396799544815,0.009916218119905286,0.009146449249428685,5.349169946483511,34.12895273181464,
238,238,0.05,1802,2,500000.0,1.82329779796716,,15914.25,3.18285,,901.0,0.08452269843303382,0.009187037861562925,0.00929517601527428,5.331474536792824,33.938122695780805,
239,239,0.05,1822,2,500000.0,1.8350535944249,,16038.0,3.2076,,911.0,0.08728095017306715,0.008977703300884099,0.009413246728417625,5.2192311646604495,33.48197460965883,
240,240,0.05,1842,2,500000.0,1.84862940133004,,16113.75,3.22275,,921.0,0.08929931587306326,0.009496914573259168,0.009381848130069674,5.1593578937585765,33.25355303871704,
241,241,0.05,1862,2,500000.0,1.86233432512373,,16179.0,3.2358,,931.0,0.08938369518017453,0.008861256799432966,0.009067351737464195,5.208006829632144,33.704222662633605,
242,242,0.05,1882,2,500000.0,1.87432030347042,,16194.75,3.23895,,941.0,0.09130149612337843,0.009469660791841056,0.00934352399796624,5.153326966213422,33.38260879741004,
243,243,0.05,1902,2,500000.0,1.88826382191019,,16207.25,3.2414499999999995,,951.0,0.0883243428591527,0.008785655392535204,0.009100099359658125,5.386645580007041,34.9221792605969,
244,244,0.05,1940,2,500000.0,1.9133402868826,,16264.5,3.2529,,970.0,0.09254251515739041,0.00917122933827211,0.009185946703838672,5.241559528813408,34.09995847958917,
245,245,0.05,1980,2,500000.0,1.93999436174058,,16240.25,3.24805,,990.0,0.09957377577023863,0.009717545831476842,0.009204323024034676,4.971565532152565,32.294855903431404,
246,246,0.05,2020,2,500000.0,1.96926697564054,,16045.0,3.209,,1010.0,0.09579836168376232,0.009754125209006384,0.009116447961682856,5.2739771467889485,33.84329906231957,
247,247,0.05,2060,2,500000.0,1.99677823265283,,15802.5,3.1605,,1030.0,0.10272635939998052,0.00917730033492416,0.009318665496949341,5.013644016198421,31.691146931361885,
248,248,0.05,2100,2,500000.0,2.02466039073176,,15459.25,3.09185,,1050.0,0.0997300036517572,0.008988739942047169,0.00929918786312204,5.26532447568016,32.55650202485012,
249,249,0.05,2140,2,500000.0,2.05291352466854,,15803.25,3.16065,,1070.0,0.10409867547696194,0.009716614201934905,0.009519630617589264,5.159416669764092,32.612708472968116,
250,250,0.05,2180,2,500000.0,2.08431552800331,,15983.5,3.1967,,1090.0,0.10483693065259558,0.009518017814238607,0.009294603840558704,5.198934062355897,33.24051889556392,
251,251,0.05,2220,2,500000.0,2.11345312535308,,16216.0,3.2432,,1110.0,0.1117047053259057,0.009314909693324729,0.009108827243391663,4.973836858060058,32.26589423936618,
252,252,0.05,2260,2,500000.0,2.1429622327596,,16243.0,3.2486,,1130.0,0.11265628565502084,0.00895496395789662,0.009223805917711693,5.015454350166809,32.587257421335295,
253,253,0.05,2300,2,500000.0,2.17604981157174,,16412.75,3.28255,,1150.0,0.11579276569500507,0.009135512864866835,0.009114668045568566,4.966965748183487,32.60815631712657,
254,254,0.05,2340,2,500000.0,2.20643530549343,,16545.0,3.309,,1170.0,0.11338518925424523,0.008586338423920368,0.009380315223195906,5.159750098035724,34.147344471013334,
255,255,0.05,2380,2,500000.0,2.2407253093739,,16668.5,3.3337,,1190.0,0.11904494569796496,0.009254668866864543,0.009270406929563779,4.998192074349695,33.32471811144125,
256,256,0.05,2420,2,500000.0,2.27199922708582,,16721.5,3.3443,,1210.0,0.11703384388226822,0.008595790534474838,0.009294929990336848,5.1706772116523485,34.584990728539424,
257,257,0.05,2460,2,500000.0,2.30751577788907,,16683.25,3.33665,,1230.0,0.12321432470423588,0.009092607330874308,0.009178091743199873,4.995042761212041,33.32875807017978,
258,258,0.05,2500,2,500000.0,2.33964985814201,,16657.75,3.33155,,1250.0,0.12650361863586568,0.009512313204756451,0.009154287375533178,4.942361718441696,32.93097046017846,
259,259,0.05,2540,2,500000.0,2.37639841623405,,16707.5,3.3415,,1270.0,0.12708884835910794,0.0098211898898409,0.009325832665232313,4.99998965386484,33.41696376413943,
260,260,0.05,2580,2,500000.0,2.4093760120274,,16512.25,3.3024499999999994,,1290.0,0.1351860382601444,0.008982115726638115,0.009205897037459363,4.772339298653101,31.52162658798928,
261,261,0.05,2620,2,500000.0,2.44737634034406,,16700.75,3.34015,,1310.0,0.13422892649873575,0.009593050331418034,0.009280303315072335,4.880660695947603,32.60604318143119,
262,262,0.05,2660,2,500000.0,2.48115748291476,,16903.25,3.38065,,1330.0,0.13698808261676731,0.008874289920609596,0.009345632259862723,4.86893176490295,32.917306397154775,
263,263,0.05,2700,2,500000.0,2.52037924302545,,16915.75,3.38315,,1350.0,0.14405170515101415,0.009742257857977577,0.009323576306675073,4.685900456263472,31.7059105328024,
264,264,0.05,2740,2,500000.0,2.56033075568009,,16968.25,3.39365,,1370.0,0.1366350849061746,0.009294653987080638,0.009233575031330708,5.01360907208451,34.028986949154955,
265,265,0.05,2780,2,500000.0,2.59533132960116,,16912.75,3.38255,,1390.0,0.1448019262127218,0.009472741463072072,0.009440666626011791,4.799698006083323,32.4704085840048,
266,266,0.05,2820,2,500000.0,2.63055503993081,,17016.25,3.40325,,1410.0,0.14527049869730035,0.009060579251978607,0.009380969722139927,4.865457650291293,33.11587635338943,
267,267,0.05,2860,2,500000.0,2.67213080713945,,17133.75,3.42675,,1430.0,0.15491242269536087,0.009891106971694194,0.00943250706852643,4.616435996023597,31.639573975129135,
268,268,0.05,2900,2,500000.0,2.71439989459601,,16965.75,3.39315,,1450.0,0.15680911671290687,0.00959306039474896,0.009315166530100488,4.639615462928472,31.485028349583555,
269,269,0.05,2940,2,500000.0,2.7573716065909,,16973.75,3.39475,,1470.0,0.15488880086547852,0.00904460760388214,0.009241451762671313,4.746617162956406,32.22249314180071,
270,270,0.05,2980,2,500000.0,2.80100707437405,,17069.75,3.41395,,1490.0,0.16463857249368627,0.008975687586338679,0.009407559968436976,4.526267325646973,30.902294991976085,
271,271,0.05,3020,2,500000.0,2.84531874534409,,16999.25,3.39985,,1510.0,0.16084543784677408,0.009453746408887076,0.009490884861343665,4.694755967924497,31.924491085265863,
272,272,0.05,3060,2,500000.0,2.89022832317146,,17075.75,3.41515,,1530.0,0.17374946368590827,0.00939622324610731,0.009481540658580872,4.40289320535669,30.073085237453036,
273,273,0.05,3100,2,500000.0,2.9357679455802,,16965.5,3.3931,,1550.0,0.1794305457711971,0.009193770178862193,0.00929484302713874,4.319623921342252,29.313397434405204,
274,274,0.05,3140,2,500000.0,2.98191673850952,,17023.5,3.4047,,1570.0,0.16618579232545017,0.009326945543350297,0.009285304146604972,4.7294419628547715,32.20386621514183,
275,275,0.05,3180,2,500000.0,3.01981053489921,,16833.5,3.3667,,1590.0,0.18065443367743228,0.008350587205548897,0.009243345526698905,4.4012398886138575,29.63601167434844,
276,276,0.05,3220,2,500000.0,3.06663905610976,,16793.5,3.3587,,1610.0,0.17680540117453347,0.009132232041703436,0.009193914466972809,4.557365271777403,30.605435126313203,
277,277,0.05,3260,2,500000.0,3.11390134523994,,16774.5,3.3549,,1630.0,0.18045823821387327,0.009633532400422659,0.009417682607952591,4.523886945279751,30.35971910366945,
278,278,0.05,3300,2,500000.0,3.16156718411374,,16811.5,3.3623,,1650.0,0.1779292607170646,0.008409810453025433,0.009343374569655113,4.636891903389009,31.179584519755103,
279,279,0.05,3340,2,500000.0,3.2199363218843,,16748.75,3.34975,,1670.0,0.18166341440803532,0.009605471828935282,0.009037463474491778,4.598788639468982,30.811748316392336,
280,280,0.05,3380,2,500000.0,3.2686439348652,,16691.0,3.3382,,1690.0,0.19696696723883636,0.008520324310042623,0.009457601053499475,4.290394853552482,28.64528744471218,
281,281,0.05,3420,2,500000.0,3.3175066557838,,16561.0,3.3122,,1710.0,0.19917838043318167,0.0088570829881099,0.009254045173990602,4.292968951377658,28.438813335889467,
282,282,0.05,3460,2,500000.0,3.36648067507975,,16586.0,3.3172,,1730.0,0.19873320636975225,0.008813858849781668,0.009477983746548752,4.352898931075875,28.879137931407964,
283,283,0.05,3500,2,500000.0,3.42778962844707,,16753.0,3.3506,,1750.0,0.1985679292270106,0.009501498545218864,0.009329784755722464,4.407127816147721,29.533075134424628,
284,284,0.05,3540,2,500000.0,3.47714994222949,,16398.75,3.27975,,1770.0,0.2118769851550724,0.009448244836197852,0.009258556474273458,4.178003531207511,27.40885532929305,
285,285,0.05,3580,2,500000.0,3.53967455909756,,16276.0,3.2552000000000003,,1790.0,0.21303827655242455,0.008981420636857569,0.009242063955372049,4.201452560444617,27.35208738295997,
286,286,0.05,3620,2,500000.0,3.60295263305225,,16277.5,3.2555,,1810.0,0.2069157348413455,0.009172385419448861,0.009101119835035983,4.3752692686142,28.49114732630076,
287,287,0.05,3660,2,500000.0,3.65228949266039,,16220.5,3.2441,,1830.0,0.21542203274248092,0.009126633469306355,0.009442046018943249,4.249548306260113,27.569611024145708,
288,288,0.05,3700,2,500000.0,3.70099744748659,,16011.75,3.20235,,1850.0,0.21949773613255277,0.009250755187533008,0.009213880687802089,4.217163929659868,27.0115024489364,
289,289,0.05,3740,2,500000.0,3.74885067802124,,15849.75,3.16995,,1870.0,0.22453736137936173,0.010012456878430083,0.00909800936332528,4.164714850259062,26.404100092310628,
290,290,0.05,3780,2,500000.0,3.82819160856547,,15725.0,3.1449999999999996,,1890.0,0.2250827585322668,0.009430079946294788,0.009149606676293215,4.198685953324713,26.40874598611268,
291,291,0.05,3820,2,500000.0,3.89188744414466,,15508.5,3.1017,,1910.0,0.2194317837680728,0.009227741189770051,0.00948017743723584,4.354073141051891,27.011466591108743,
292,292,0.05,3860,2,500000.0,3.93764934167081,,15385.75,3.07715,,1930.0,0.23310461017422313,0.00911917909623747,0.009548261698579572,4.139805016141306,25.477540297327863,
293,293,0.05,3900,2,500000.0,4.01836387682479,,15257.5,3.0515,,1950.0,0.23246673593519063,0.009322758717055186,0.009226601329154127,4.1993176495361775,25.625341614881805,
294,294,0.05,3940,2,500000.0,4.06144504068815,,15024.5,3.0049,,1970.0,0.24477430904642003,0.009667186093537533,0.009150081461215567,4.030307817679638,24.223650466035146,
295,295,0.05,3980,2,500000.0,4.14181347894905,,14912.75,2.98255,,1990.0,0.24381119991824107,0.009873892906500452,0.009487039970952592,4.082383244724198,24.3501498616334,
296,296,0.05,4020,2,500000.0,4.20163096522017,,14693.25,2.93865,,2010.0,0.2442600386374352,0.009540670743520762,0.009358040125703425,4.115152710522655,24.18700123128654,
297,297,0.05,4060,2,500000.0,4.28133904167396,,14396.75,2.8793500000000005,,2030.0,0.24783018156233536,0.00892994327330398,0.0091502935886232,4.095574149267792,23.585326854722105,
298,298,0.05,4100,2,500000.0,4.33800413641743,,14113.5,2.8227,,2050.0,0.24261479715437417,0.008587796067060938,0.009366030404618989,4.226098490898318,23.85766141371552,
299,299,0.05,4140,2,500000.0,4.39203553043678,,13977.5,2.7955,,2070.0,0.2628288522719231,0.009465707193460696,0.00932799136515914,3.9395057939549902,22.02771891790143,
300,300,0.05,4180,2,500000.0,4.49142648540093,,13666.75,2.73335,,2090.0,0.25893200759401225,0.00952325996394051,0.009184583476266403,4.037825386534906,22.072867121199895,
301,301,0.05,4220,2,500000.0,4.54014619807071,,13452.75,2.69055,,2110.0,0.2568322832059948,0.0087337853629547,0.00928476305688204,4.108633590049372,22.11059900862584,
302,302,0.05,4260,2,500000.0,4.63698373150229,,13034.5,2.6069,,2130.0,0.26044610985172767,0.00946013132379213,0.009355421254743592,4.094201032098177,21.349916059196588,
303,303,0.05,4300,2,500000.0,4.67799535753017,,12804.0,2.5608000000000004,,2150.0,0.25866736070929613,0.009126930906145784,0.009166417885205856,4.158799845692761,21.299599788594808,
304,304,0.05,4340,2,500000.0,4.76956602764708,,12529.25,2.50585,,2170.0,0.2720430172723809,0.009938266343720432,0.009378135176801463,3.991002552100704,20.00375892355752,
305,305,0.05,4380,2,500000.0,4.82902597469063,,12288.25,2.45765,,2190.0,0.2625358216589575,0.009756849293614504,0.009178635113347095,4.1712925260328015,20.50326891715529,
306,306,0.05,4420,2,500000.0,4.85299849190085,,11987.5,2.3975,,2210.0,0.2764794145277847,0.009309329036989786,0.009230416628861137,4.000398953275722,19.185791228990936,
307,307,0.05,4460,2,500000.0,4.96126439299933,,11668.0,2.3336,,2230.0,0.2772294863705156,0.00966322235949272,0.009126099507023887,4.022654207444211,18.773383623588344,
308,308,0.05,4500,2,500000.0,5.03390777967259,,11362.25,2.27245,,2250.0,0.2848951493961067,0.009343351192981785,0.009036209682882095,3.9517264516544306,17.960340843404722,
309,309,0.05,4540,2,500000.0,5.13327980426306,,10948.25,2.1896500000000003,,2270.0,0.2941840475800745,0.009444457390481774,0.009285775879703433,3.8598491185071926,16.90176684465875,
310,310,0.05,4580,2,500000.0,5.1915616530718,,10672.75,2.13455,,2290.0,0.2856507964340836,0.009869305167547663,0.009128258676909312,4.008391454024034,17.112204844620166,
311,311,0.05,4620,2,500000.0,5.27607950618037,,10385.25,2.07705,,2310.0,0.2964691991901418,0.009215601881920173,0.009274426728496819,3.8961800867096,16.185876564125454,
312,312,0.05,4660,2,500000.0,5.31403296323338,,10060.75,2.01215,,2330.0,0.29830847981997977,0.009192657636884274,0.009345578792763933,3.905579689445204,15.717042951355891,
313,313,0.05,4700,2,500000.0,5.37696098997247,,9679.0,1.9358,,2350.0,0.3043829549135353,0.009208310176149538,0.009364575251252248,3.8617162507012934,14.953129036463544,
314,314,0.05,4740,2,500000.0,5.46576162053198,,9278.25,1.85565,,2370.0,0.309015518098704,0.008303765599950282,0.009291558854129604,3.8357471369299274,14.234062969868395,
315,315,0.05,4780,2,500000.0,5.50107846400201,,8953.75,1.79075,,2390.0,0.32442213344415904,0.009492090043271086,0.009388607692473386,3.684501401323832,13.195296751972265,
316,316,0.05,4820,2,500000.0,5.60158436369854,,8573.75,1.71475,,2410.0,0.30362840128464086,0.008167411244688907,0.009127017677075426,3.9737236471197543,13.63515718038823,
317,317,0.05,4860,2,500000.0,5.68579300733066,,8225.75,1.64515,,2430.0,0.31864494915225805,0.009230521554558656,0.009144748105837411,3.816136225503932,12.555197273555478,
318,318,0.05,4900,2,500000.0,5.70607918152316,,7938.75,1.58775,,2450.0,0.30789181398381515,0.009413970811645892,0.009601230438787236,3.9795135143955456,12.637472320409266,
319,319,0.05,4940,2,500000.0,5.79187090357445,,7456.25,1.49125,,2470.0,0.33082988908722655,0.008945584388767905,0.009137611364765968,3.733037413511715,11.133777095858456,
320,320,0.05,4980,2,500000.0,5.85260940838092,,7166.5,1.4333,,2490.0,0.3340423400079544,0.00911433232902797,0.009135114170380975,3.7275948200005793,10.685902805195528,
321,321,0.05,5020,2,500000.0,5.88370805533401,,6762.5,1.3525,,2510.0,0.33445004610712203,0.008629939535998972,0.00935588279373016,3.762813587634719,10.181099149948732,
322,322,0.05,5060,2,500000.0,5.97762364573449,,6414.5,1.2829,,2530.0,0.3317808933395554,0.009427706721019672,0.009247339190216067,3.8171490077928434,9.791244239757619,
323,323,0.05,5100,2,500000.0,5.98566522431033,,6155.25,1.23105,,2550.0,0.34897005433731465,0.009362297642822695,0.009024794204647833,3.653618546664044,8.995554353988028,
324,324,0.05,5140,2,500000.0,6.05046240373416,,5823.75,1.16475,,2570.0,0.345194427796514,0.009101358696372486,0.009314056357125997,3.7227830768128465,8.672286374036535,
325,325,0.05,5180,2,500000.0,6.06719135785489,,5576.0,1.1152,,2590.0,0.35223105884006145,0.00912755438544052,0.009279145825809751,3.6780937428622154,8.203455256841412,
326,326,0.05,5220,2,500000.0,6.13182087478199,,5344.25,1.0688499999999999,,2610.0,0.3572960885746852,0.00904268152390518,0.0091526968656873,3.6525573014101593,7.808350951626552,
327,327,0.05,5260,2,500000.0,6.18704915255539,,4937.25,0.98745,,2630.0,0.35545091899780346,0.009669447794237658,0.00946000381905336,3.6995359552484346,7.306253736416046,
328,328,0.05,5300,2,500000.0,6.20709113408728,,4741.75,0.94835,,2650.0,0.3483174672799123,0.009291782235649134,0.009065845367987217,3.805147027778765,7.217440285981155,
329,329,0.05,5340,2,500000.0,6.29518269467762,,4421.75,0.8843499999999999,,2670.0,0.3559935502726148,0.009513896905765309,0.009377544588025423,3.750070575652281,6.632674071169178,
330,330,0.05,5380,2,500000.0,6.32906861969231,,4236.75,0.84735,,2690.0,0.36444769292870655,0.008891224477717303,0.009257802806825807,3.691476280494948,6.255617370285783,
331,331,0.05,5420,2,500000.0,6.36385203035625,,3978.25,0.7956499999999999,,2710.0,0.3902338738080289,0.01002275906778201,0.00927445424603291,3.472445223266542,5.526028626779247,
332,332,0.05,5460,2,500000.0,6.39955377027064,,3786.0,0.7572000000000002,,2730.0,0.37216266987638846,0.009570695470256104,0.009115927975476612,3.684304175727744,5.58227614443844,
333,333,0.05,5500,2,500000.0,6.43619560112135,,3621.25,0.72425,,2750.0,0.3856560953420285,0.008643440874755395,0.009073858862238004,3.5669290849306634,5.16692923530462,
334,334,0.05,5540,2,500000.0,6.47380024286971,,3391.0,0.6782,,2770.0,0.390409692110552,0.00975968797930892,0.00913687544294021,3.5574670743962327,4.825198117348435,
335,335,0.05,5580,2,500000.0,6.57487849067915,,3225.0,0.645,,2790.0,0.39997939351133033,0.008752638584314493,0.009180705560693754,3.487723428719808,4.4990767479539615,
336,336,0.05,5620,2,500000.0,6.61550323964032,,3084.0,0.6168,,2810.0,0.3843055223146621,0.00927284061691504,0.009346093117315192,3.656565371941301,4.5104152721404684,
337,337,0.05,5660,2,500000.0,6.65719616369663,,2912.75,0.58255,,2830.0,0.3985349320448677,0.008817018127928209,0.00920532231074344,3.552531434263682,4.137348670439522,
338,338,0.05,5700,2,500000.0,6.50695469362058,,2780.25,0.55605,,2850.0,0.36742233791596846,0.009124212073620075,0.009184184415252896,3.882285874489816,4.31693532115858,
339,339,0.05,5740,2,500000.0,6.54761845812481,,2681.5,0.5363,,2870.0,0.4203166683071231,0.008870031847065645,0.009146856268410062,3.4159425698934647,3.663717411743293,
340,340,0.05,5780,2,500000.0,6.58933858255238,,2522.5,0.5045,,2890.0,0.41801612227050094,0.009274177057945808,0.009221901950095018,3.457787628200101,3.489210906386049,
341,341,0.05,5820,2,500000.0,6.44115787871136,,2448.5,0.4897,,2910.0,0.4272711372077538,0.009133945189402254,0.009155899647473646,3.4113652219281825,3.340603318236851,
342,342,0.05,5860,2,500000.0,6.48184465903661,,2400.0,0.48,,2930.0,0.3978458397787108,0.009230775910636526,0.009059376924944976,3.684967825552474,3.538476013083591,
343,343,0.05,5900,2,500000.0,6.85985152170491,,2301.75,0.46035,,2950.0,0.40006961933841007,0.009629917205200835,0.009036772347642472,3.690814593447553,3.3985075951712367,
344,344,0.05,5940,2,500000.0,6.83721920171921,,2278.25,0.45565,,2970.0,0.41218212550825223,0.008683209491530598,0.009024186983657303,3.6050317839551074,3.286266376448276,
345,345,0.05,5980,2,500000.0,7.51518993117889,,2705.25,0.54105,,2990.0,0.43667774201048815,0.009240804034526979,0.009377258616829053,3.4240460242538004,3.7050279978956056,
346,346,0.1,502,2,500000.0,1.17662360156545,,12594.25,2.51885,,251.0,0.0245684600668028,0.009247890297538008,0.009278895741193956,5.126894269709167,25.82066105242519,
347,347,0.1,522,2,500000.0,1.184814908884,,12534.75,2.50695,,261.0,0.025212063200285684,0.009219843077995091,0.00925131505249192,5.184913064490459,25.99336384773837,
348,348,0.1,542,2,500000.0,1.19557065892945,,12332.0,2.4664,,271.0,0.02382127999283057,0.008768284269619649,0.009441122867217842,5.690165507298715,28.06634989504033,
349,349,0.1,562,2,500000.0,1.20653239223348,,11279.25,2.25585,,281.0,0.02490144835286401,0.008486148959096457,0.009223691758582588,5.674095954039752,25.61737689395088,
350,350,0.1,582,2,500000.0,1.21559007975785,,7945.25,1.58905,,291.0,0.02509876826115942,0.008986795746418032,0.009383065448450672,5.798431499538725,18.428830752505768,
351,351,0.1,602,2,500000.0,1.22050059246538,,9686.75,1.93735,,301.0,0.027174177099510644,0.009172369390263037,0.009282271891106536,5.5387602630420325,21.462657876751766,
352,352,0.1,622,2,500000.0,1.22741865002142,,10308.0,2.0616000000000003,,311.0,0.02701796481801466,0.009177040858920842,0.009088927474238818,5.759517505284629,23.751233023794608,
353,353,0.1,642,2,500000.0,1.23521015912391,,10679.25,2.13585,,321.0,0.028549853042534323,0.009386001369658534,0.009102804296344294,5.621799493721214,24.01408021122895,
354,354,0.1,662,2,500000.0,1.24314995045508,,10930.5,2.1861,,331.0,0.030596323427232616,0.009147146984322216,0.009433725953493503,5.414876045600047,23.676752865157408,
355,355,0.1,682,2,500000.0,1.2512710931248,,10972.75,2.19455,,341.0,0.032514980943091125,0.009277769872813986,0.009371964051951082,5.2550275406308575,23.067545168523797,
356,356,0.1,702,2,500000.0,1.25928548443795,,11008.25,2.20165,,351.0,0.029799612075123605,0.009184279024157185,0.009071157625591325,5.933711565050436,26.129194947464175,
357,357,0.1,722,2,500000.0,1.26742532522346,,11259.25,2.25185,,361.0,0.03158727471335965,0.008666110272216174,0.009207255199249219,5.714546252965908,25.738171931533337,
358,358,0.1,742,2,500000.0,1.27528577565715,,11388.5,2.2777,,371.0,0.0321659914836232,0.009482615786099206,0.009180757421549177,5.766969692935784,26.270793798930836,
359,359,0.1,762,2,500000.0,1.28337129179016,,11687.5,2.3375,,381.0,0.033250233404970686,0.009525547396939508,0.009366993787208353,5.72935477393629,26.7850659262932,
360,360,0.1,782,2,500000.0,1.29164824012589,,11853.25,2.37065,,391.0,0.033689573691447094,0.009534876085554504,0.009271761378708478,5.820771907961989,27.60513742050931,
361,361,0.1,802,2,500000.0,1.30021834112426,,12016.75,2.40335,,401.0,0.03548627536662252,0.009528995775402,0.009500098429800173,5.6508769155167835,27.1606467651564,
362,362,0.1,822,2,500000.0,1.30869521201282,,12095.0,2.419,,411.0,0.03672502375320619,0.009633308492814952,0.009333278523570144,5.5989051200537325,27.08755705655012,
363,363,0.1,842,2,500000.0,1.31711516242917,,12319.0,2.4638,,421.0,0.035947366729431,0.009235552497569887,0.009345718322854576,5.875739625181412,28.95623945236693,
364,364,0.1,862,2,500000.0,1.3257059739536,,12359.0,2.4718,,431.0,0.036887203977983056,0.008547276879548999,0.009462977489093282,5.877825964086178,29.062292318047568,
365,365,0.1,882,2,500000.0,1.33418690330805,,12594.0,2.5188,,441.0,0.04159737610419256,0.008861212395071169,0.00934292519360865,5.307171635173518,26.740807765313484,
366,366,0.1,902,2,500000.0,1.34305723027778,,12694.0,2.5388,,451.0,0.0402926773481056,0.009348596777233955,0.009220406919518297,5.615338362004297,28.515690154015168,
367,367,0.1,922,2,500000.0,1.35202507217289,,12862.75,2.57255,,461.0,0.03972653492994027,0.00916517923392268,0.009346217259264713,5.802481553905768,29.85391652074424,
368,368,0.1,942,2,500000.0,1.36109770020853,,13043.75,2.60875,,471.0,0.04046034207439674,0.00927373396743476,0.009166672382810983,5.828466900148179,30.408454406907367,
369,369,0.1,962,2,500000.0,1.37010270270469,,13048.5,2.6097,,481.0,0.04308533451387575,0.009924095340777242,0.009182978607199542,5.584143264168173,29.14605459384707,
370,370,0.1,982,2,500000.0,1.37934440695512,,13133.0,2.6266,,491.0,0.043865931755448166,0.009229566474330883,0.009327791678224995,5.609371466695066,29.46666837580992,
371,371,0.1,1002,2,500000.0,1.38819192301866,,13407.5,2.6815,,501.0,0.04849644300753653,0.009333523643527566,0.009088406858332967,5.165487320734149,27.701674684936137,
372,372,0.1,1022,2,500000.0,1.39749037919015,,13415.25,2.68305,,511.0,0.044897999844181406,0.009750142062078127,0.00923877793206032,5.69638519656658,30.57619061666232,
373,373,0.1,1042,2,500000.0,1.40690115714451,,13392.0,2.6784,,521.0,0.048409559005961,0.009678723100843162,0.009336606044026956,5.389336898415609,28.868718681927238,
374,374,0.1,1062,2,500000.0,1.41643111237549,,13588.25,2.71765,,531.0,0.045881761443695275,0.009539576476181786,0.009495551917575586,5.788930893464483,31.462294133303327,
375,375,0.1,1082,2,500000.0,1.42608801864174,,13703.75,2.74075,,541.0,0.046613668290660826,0.008721742585418094,0.009315793639508381,5.819148642515659,31.90694622343488,
376,376,0.1,1102,2,500000.0,1.43534393733411,,13656.75,2.73135,,551.0,0.05051537478908585,0.008573301776487402,0.00933403920925251,5.456968494200233,29.80805520019049,
377,377,0.1,1122,2,500000.0,1.44497470086693,,13766.0,2.7532,,561.0,0.04993790492022754,0.0097250453703904,0.009311614142389287,5.621994768646427,30.955003435662924,
378,378,0.1,1142,2,500000.0,1.45469620088515,,13882.0,2.7764,,571.0,0.05043981636976014,0.009234308457738665,0.009274207138526041,5.6665838603329615,31.4677632752014,
379,379,0.1,1162,2,500000.0,1.46474671629238,,14085.0,2.817,,581.0,0.05261842635968605,0.008934846336136403,0.00926188257775767,5.5209026070879705,31.104981380766247,
380,380,0.1,1182,2,500000.0,1.47474509520611,,14019.5,2.8039,,591.0,0.053949904294995576,0.008316652990928281,0.009361029597927409,5.481069849128447,30.739645810749106,
381,381,0.1,1202,2,500000.0,1.48420475439885,,14193.5,2.8387,,601.0,0.0552811982959156,0.009188784711041953,0.00923043198249901,5.446237278520151,30.91761260143561,
382,382,0.1,1222,2,500000.0,1.49435122001166,,14301.0,2.8602,,611.0,0.05666414699425104,0.009366052388928538,0.009304149830065353,5.392353467416504,30.84569363583256,
383,383,0.1,1242,2,500000.0,1.50458299346498,,14257.0,2.8514,,621.0,0.05638361193990704,0.009303477185951224,0.00919446523289897,5.508242887933076,31.41059736399587,
384,384,0.1,1262,2,500000.0,1.51490270238743,,14298.25,2.85965,,631.0,0.05763545289278226,0.009643059275991767,0.009158256460777859,5.499533717815082,31.4569640101034,
385,385,0.1,1282,2,500000.0,1.52531141053088,,14376.75,2.87535,,641.0,0.059115767203365976,0.00936279975221476,0.009108727225934624,5.432366988406342,31.247930833702505,
386,386,0.1,1302,2,500000.0,1.53529692139643,,14537.25,2.90745,,651.0,0.05600090276720948,0.009337842246101444,0.009305928275087616,5.826482935210032,33.87695034219083,
387,387,0.1,1322,2,500000.0,1.54611350370685,,14564.0,2.9128,,661.0,0.054192361015509505,0.009392263588355652,0.009276517080109912,6.101987739332948,35.545026420554045,
388,388,0.1,1342,2,500000.0,1.55622777412061,,14629.0,2.9258,,671.0,0.06169856081589842,0.008745163494694742,0.009301489401058216,5.438653530446127,31.823023046687943,
389,389,0.1,1362,2,500000.0,1.5672334053583,,14662.0,2.9324000000000003,,681.0,0.06063799728298136,0.00876226732954863,0.009382171621542808,5.6198808820549,32.96207923144089,
390,390,0.1,1382,2,500000.0,1.5774790998375,,14792.0,2.9584,,691.0,0.06327423994667924,0.00872241475172186,0.009207201393978404,5.461965730897057,32.319326747060565,
391,391,0.1,1402,2,500000.0,1.58867462374292,,14874.75,2.97495,,701.0,0.06467522177473484,0.009906595318300886,0.009224234166251826,5.435180379976091,32.34490328532576,
392,392,0.1,1422,2,500000.0,1.59905294879362,,14957.75,2.99155,,711.0,0.06799508465246618,0.00943202136661677,0.009166089029317245,5.235248616907544,31.32608252062865,
393,393,0.1,1442,2,500000.0,1.61044060976595,,15005.5,3.0011,,721.0,0.06970448578334754,0.009332236975930476,0.009284222373689744,5.171904126671815,31.04318116499817,
394,394,0.1,1462,2,500000.0,1.62094413794722,,14942.75,2.98855,,731.0,0.06971362885121835,0.009474532166954173,0.009327898788488552,5.244096368647702,31.34502411516197,
395,395,0.1,1482,2,500000.0,1.63252361152239,,15102.0,3.0204,,741.0,0.06918640837079693,0.009312789636885678,0.009241505386822056,5.3554234383779455,32.351451006417605,
396,396,0.1,1502,2,500000.0,1.64315853578386,,15276.5,3.0553,,751.0,0.06610304890330099,0.00873448205255511,0.0093333543629025,5.7058332117131485,34.8669764434609,
397,397,0.1,1522,2,500000.0,1.65494170927134,,15158.5,3.0317,,761.0,0.0723325339658345,0.009190676282591409,0.009217587641029631,5.277574548232636,31.99511190799816,
398,398,0.1,1542,2,500000.0,1.6668514497279,,15233.0,3.0466,,771.0,0.07157283553584648,0.009500454449264579,0.0092441236596702,5.3884364436108205,32.83194981245596,
399,399,0.1,1562,2,500000.0,1.67771008122563,,15312.5,3.0625,,781.0,0.0728783994872515,0.009532464662308083,0.009249150336988024,5.358660942371518,32.82072568869298,
400,400,0.1,1582,2,500000.0,1.68982661204537,,15371.75,3.07435,,791.0,0.07450033508598608,0.009098123116829466,0.009368584821397108,5.329542147883265,32.774788297776574,
401,401,0.1,1602,2,500000.0,1.70082426307364,,15603.0,3.1206,,801.0,0.07545290212959799,0.008999799423548739,0.009076907888588356,5.320140989773405,33.22046688360775,
402,402,0.1,1622,2,500000.0,1.713153407462,,15437.25,3.0874500000000005,,811.0,0.07239234260913463,0.009463026758584445,0.009249509741271839,5.602172461729358,34.59197890748985,
403,403,0.1,1642,2,500000.0,1.72428741222392,,15669.5,3.1339,,821.0,0.07626194904526074,0.008851360573095511,0.009046343742789861,5.384551766794845,33.750687157731754,
404,404,0.1,1662,2,500000.0,1.73682623902021,,15613.25,3.12265,,831.0,0.07786803017586406,0.009379697902959172,0.009227053117314312,5.336591624249863,33.32725340708055,
405,405,0.1,1682,2,500000.0,1.74809352760542,,15761.5,3.1523,,841.0,0.07684355577987388,0.008840109981170486,0.009137469433188317,5.474451341391364,34.510549929368246,
406,406,0.1,1702,2,500000.0,1.76085219547323,,15754.25,3.15085,,851.0,0.0785578052742153,0.009103974411761518,0.009285553884095568,5.4313289878922335,34.22315964302691,
407,407,0.1,1722,2,500000.0,1.77374138198766,,15795.5,3.1591000000000005,,861.0,0.08076736600446564,0.008737740032512169,0.009361539466023366,5.33082330955755,33.680780151687316,
408,408,0.1,1742,2,500000.0,1.78522668397861,,15842.5,3.1685,,871.0,0.08004577811925628,0.009369513812685377,0.009408579195852432,5.440672262276002,34.47718693393976,
409,409,0.1,1762,2,500000.0,1.79833578017,,15846.75,3.16935,,881.0,0.08219002188195645,0.00950742072094316,0.009396329269812391,5.3596473230803365,33.97370755195928,
410,410,0.1,1782,2,500000.0,1.80996060028449,,15869.0,3.1738000000000004,,891.0,0.07936370388785008,0.009376133418188628,0.009426019496205685,5.6157739643429325,35.6450694137414,
411,411,0.1,1802,2,500000.0,1.82329779796716,,16048.25,3.20965,,901.0,0.08340104471596987,0.008598865661909209,0.009226124787708125,5.402906457677877,34.680894642587845,
412,412,0.1,1822,2,500000.0,1.8350535944249,,16027.0,3.2054,,911.0,0.08859214486250265,0.009736773431596828,0.009212275359132929,5.145527834003113,32.98210772518067,
413,413,0.1,1842,2,500000.0,1.84862940133004,,16090.75,3.21815,,921.0,0.08823958622383542,0.00952483117961638,0.009298977672470909,5.223629764970262,33.625719694356434,
414,414,0.1,1862,2,500000.0,1.86233432512373,,16169.0,3.2337999999999996,,931.0,0.08527752127764643,0.00919298396652745,0.009394425274129661,5.467003303619199,35.3598866125934,
415,415,0.1,1882,2,500000.0,1.87432030347042,,16130.5,3.2261,,941.0,0.09065003916094838,0.009425743703769293,0.009317924086930563,5.190681235740458,33.491250386729746,
416,416,0.1,1902,2,500000.0,1.88826382191019,,16142.75,3.22855,,951.0,0.09115043030419656,0.009630397654103357,0.00926353222085412,5.217258125722772,33.69182944974024,
417,417,0.1,1940,2,500000.0,1.9133402868826,,16208.0,3.2416,,970.0,0.08878116631666445,0.009384148063684192,0.009356049562200696,5.46293045365173,35.41749180668279,
418,418,0.1,1980,2,500000.0,1.93999436174058,,16305.75,3.26115,,990.0,0.09267929745152513,0.00955977634144132,0.009128617927267869,5.341017259130453,34.8354684427333,
419,419,0.1,2020,2,500000.0,1.96926697564054,,16085.0,3.217,,1010.0,0.09439374438659343,0.009615652992569421,0.009228081924167792,5.352869560204399,34.43976072196436,
420,420,0.1,2060,2,500000.0,1.99677823265283,,15591.75,3.11835,,1030.0,0.10411705607498332,0.009617427759860589,0.009287143009850883,4.946404339638775,30.84843541802212,
421,421,0.1,2100,2,500000.0,2.02466039073176,,15587.25,3.11745,,1050.0,0.10591190502100288,0.009734186858975816,0.009351145009152744,4.956950896236933,30.90617873844768,
422,422,0.1,2140,2,500000.0,2.05291352466854,,15872.75,3.17455,,1070.0,0.10395801596496312,0.009408687326884345,0.009207831846990477,5.146308296275942,32.67442529150903,
423,423,0.1,2180,2,500000.0,2.08431552800331,,15964.0,3.1928,,1090.0,0.1082126155761216,0.008940711845410985,0.009200442053207315,5.0364563599813845,32.16089679631908,
424,424,0.1,2220,2,500000.0,2.11345312535308,,16166.0,3.2332,,1110.0,0.114120247342953,0.008992329121624298,0.009239879358810736,4.866089424369676,31.462393300443235,
425,425,0.1,2260,2,500000.0,2.1429622327596,,16361.75,3.27235,,1130.0,0.11300737330270748,0.009628794238786735,0.0092167632968792,5.0061389449348015,32.759018030673644,
426,426,0.1,2300,2,500000.0,2.17604981157174,,16485.75,3.29715,,1150.0,0.111787124697571,0.008808875854897206,0.009374266947956024,5.143911751863406,33.92017446513231,
427,427,0.1,2340,2,500000.0,2.20643530549343,,16549.0,3.3098,,1170.0,0.11297080426527371,0.007985374485060244,0.009248502017742244,5.1885725435824845,34.34941016247868,
428,428,0.1,2380,2,500000.0,2.2407253093739,,16551.0,3.3102,,1190.0,0.11717724717368581,0.009449401915377027,0.009327232092232513,5.098703219937756,33.75813324372631,
429,429,0.1,2420,2,500000.0,2.27199922708582,,16711.0,3.3422,,1210.0,0.11861463308196107,0.009898639218028134,0.009359960913281116,5.102018120783537,34.103462751720514,
430,430,0.1,2460,2,500000.0,2.30751577788907,,16682.0,3.3364,,1230.0,0.12589540269095778,0.008010209175409337,0.009437749877490579,4.88558958386508,32.597714751426096,
431,431,0.1,2500,2,500000.0,2.33964985814201,,16732.75,3.34655,,1250.0,0.13469464543277354,0.008981982380697329,0.00914256080345868,4.640504805145112,31.05728477257369,
432,432,0.1,2540,2,500000.0,2.37639841623405,,16731.5,3.3463,,1270.0,0.12733819611980834,0.009284188318639528,0.009278795509269777,4.995412532686469,33.43392323891257,
433,433,0.1,2580,2,500000.0,2.4093760120274,,16722.25,3.34445,,1290.0,0.1319648761867711,0.008500626967732799,0.00932959399772483,4.891115533633672,32.71728706859891,
434,434,0.1,2620,2,500000.0,2.44737634034406,,16717.25,3.34345,,1310.0,0.13724858464001954,0.009022970450342348,0.009172055993857885,4.772368052637296,31.912405015364495,
435,435,0.1,2660,2,500000.0,2.48115748291476,,16869.75,3.37395,,1330.0,0.14179388311504226,0.00944154321236667,0.009414413666358689,4.68997013128279,31.647364547617617,
436,436,0.1,2700,2,500000.0,2.52037924302545,,16959.5,3.3919,,1350.0,0.1404436880307003,0.009228734236468129,0.009265598875782058,4.806328689142116,32.60530853413464,
437,437,0.1,2740,2,500000.0,2.56033075568009,,16997.75,3.39955,,1370.0,0.140005421360911,0.009067865008576141,0.009241267978086418,4.893182141430829,33.268958744786474,
438,438,0.1,2780,2,500000.0,2.59533132960116,,17028.25,3.40565,,1390.0,0.1502858091756707,0.008359986828885946,0.00946351855131376,4.641478247549445,31.620139652797867,
439,439,0.1,2820,2,500000.0,2.63055503993081,,17147.0,3.4294,,1410.0,0.14931454881389072,0.009660040400673059,0.009294275226647886,4.722276265086458,32.38924045091315,
440,440,0.1,2860,2,500000.0,2.67213080713945,,17012.25,3.40245,,1430.0,0.15519432595806393,0.009281720894123748,0.0091556386656472,4.60717384478947,31.35174285184091,
441,441,0.1,2900,2,500000.0,2.71439989459601,,16917.0,3.3834,,1450.0,0.1594805647131352,0.009398379447990733,0.009333097267050377,4.5486373050373246,30.785252057466717,
442,442,0.1,2940,2,500000.0,2.7573716065909,,17034.25,3.4068499999999995,,1470.0,0.1557571820578687,0.009222501752415256,0.009429088844432477,4.7188984162763274,32.15286053142263,
443,443,0.1,2980,2,500000.0,2.80100707437405,,16972.75,3.39455,,1490.0,0.1570805113475444,0.009353422721537412,0.009177421094780536,4.7428122956529,32.199332997421706,
444,444,0.1,3020,2,500000.0,2.84531874534409,,17064.0,3.4128,,1510.0,0.16026803281692992,0.008611093933976778,0.00905539919905929,4.711301028526741,32.154259506435025,
445,445,0.1,3060,2,500000.0,2.89022832317146,,16994.5,3.3989,,1530.0,0.16950697271067838,0.008922289416726428,0.009254330073928146,4.514762991525878,30.686039151492064,
446,446,0.1,3100,2,500000.0,2.9357679455802,,17007.75,3.40155,,1550.0,0.1664428694250546,0.009492037364411982,0.009125480052347914,4.65670760617938,31.680623065350186,
447,447,0.1,3140,2,500000.0,2.98191673850952,,16908.75,3.38175,,1570.0,0.16602571651139897,0.009610331636903993,0.00927564495079654,4.728558082363745,31.982170995365056,
448,448,0.1,3180,2,500000.0,3.01981053489921,,16867.0,3.3734,,1590.0,0.1670132174677974,0.008515569277953838,0.009253479833989511,4.767656246300676,32.171926644092096,
449,449,0.1,3220,2,500000.0,3.06663905610976,,16971.25,3.39425,,1610.0,0.1766516299350087,0.009918877045952344,0.00940186299300607,4.559435676834472,30.949079472472967,
450,450,0.1,3260,2,500000.0,3.11390134523994,,16822.25,3.36445,,1630.0,0.17054136129218023,0.009576701389031219,0.009198458779047347,4.779471792124531,32.16264339447371,
451,451,0.1,3300,2,500000.0,3.16156718411374,,16795.0,3.359,,1650.0,0.17572229188169783,0.009678880868297225,0.009276348293909342,4.694985605837953,31.540134675859584,
452,452,0.1,3340,2,500000.0,3.2199363218843,,16758.0,3.3516000000000004,,1670.0,0.19764159277247015,0.009607517862848141,0.009115488191166882,4.224845865104435,28.32006955929104,
453,453,0.1,3380,2,500000.0,3.2686439348652,,16816.5,3.3633,,1690.0,0.1882579294072002,0.0086495424505497,0.009344058020926605,4.488535542589761,30.19271954957325,
454,454,0.1,3420,2,500000.0,3.3175066557838,,16591.75,3.31835,,1710.0,0.1880925222078531,0.00976903939748365,0.009251456245442508,4.545909128627633,30.171560534540472,
455,455,0.1,3460,2,500000.0,3.36648067507975,,16547.5,3.3095000000000003,,1730.0,0.2018303200259197,0.009796085588615293,0.009150384850006675,4.285872796593509,28.36857044154269,
456,456,0.1,3500,2,500000.0,3.42778962844707,,16567.25,3.31345,,1750.0,0.19685693221822476,0.008988324947400383,0.00931668394966826,4.452529181588353,29.505115996592885,
457,457,0.1,3540,2,500000.0,3.47714994222949,,16580.0,3.316,,1770.0,0.20819709360443997,0.009589279895228791,0.00926133262427747,4.25535721098269,28.224571550219803,
458,458,0.1,3580,2,500000.0,3.53967455909756,,16306.5,3.2613,,1790.0,0.2018322317784396,0.009288174508119987,0.009121499120410215,4.435265774386972,28.93005505812521,
459,459,0.1,3620,2,500000.0,3.60295263305225,,16146.5,3.2293,,1810.0,0.2176084872038473,0.009294298251256003,0.009280440305651875,4.159534638698402,26.86203918639257,
460,460,0.1,3660,2,500000.0,3.65228949266039,,16099.75,3.21995,,1830.0,0.2057174581181016,0.00933023639720537,0.009397300509156204,4.45974552724054,28.71328964592746,
461,461,0.1,3700,2,500000.0,3.70099744748659,,15999.0,3.1998,,1850.0,0.2201249302756878,0.009087006724289172,0.00907374074179364,4.202159869928131,26.89213994740158,
462,462,0.1,3740,2,500000.0,3.74885067802124,,15892.0,3.1784,,1870.0,0.22514019845266373,0.010036360551997848,0.009105659092129199,4.153461512693769,26.40305017895252,
463,463,0.1,3780,2,500000.0,3.82819160856547,,15717.0,3.1434,,1890.0,0.2265474452209446,0.008304650177999945,0.00924208649642091,4.171335239807419,26.22446741133016,
464,464,0.1,3820,2,500000.0,3.89188744414466,,15678.0,3.1356,,1910.0,0.22209658707481597,0.009583646909939916,0.009189065420527203,4.30024784799982,26.967396858324236,
465,465,0.1,3860,2,500000.0,3.93764934167081,,15456.25,3.09125,,1930.0,0.22682272483768884,0.009551892562548785,0.009315267045154112,4.260298434290784,26.335007812729337,
466,466,0.1,3900,2,500000.0,4.01836387682479,,15154.25,3.03085,,1950.0,0.2222390074965688,0.009144949115878515,0.009165032463654889,4.387272854677033,26.59502258688898,
467,467,0.1,3940,2,500000.0,4.06144504068815,,15021.0,3.0042,,1970.0,0.22702859314676968,0.009403548110403805,0.009396006599818936,4.338882694303173,26.068587857630437,
468,468,0.1,3980,2,500000.0,4.14181347894905,,14788.25,2.95765,,1990.0,0.23140799990039795,0.009447941441462802,0.00917952994718012,4.30092436846388,25.442649063694702,
469,469,0.1,4020,2,500000.0,4.20163096522017,,14748.25,2.94965,,2010.0,0.25437935186027966,0.009014934999022173,0.009201815319373051,3.951777296922951,23.311578109269355,
470,470,0.1,4060,2,500000.0,4.28133904167396,,14483.75,2.89675,,2030.0,0.2459883330826642,0.00876605831429474,0.00924394294394595,4.126261160979899,23.905010976709175,
471,471,0.1,4100,2,500000.0,4.33800413641743,,14176.25,2.83525,,2050.0,0.25041994180264737,0.008566514465921396,0.009297560904716631,4.093241703149123,23.21079935643093,
472,472,0.1,4140,2,500000.0,4.39203553043678,,13998.75,2.79975,,2070.0,0.2506009431385792,0.008988522724762622,0.009313343695063725,4.136276898352029,23.169204651544263,
473,473,0.1,4180,2,500000.0,4.49142648540093,,13615.5,2.7231,,2090.0,0.2555661963051534,0.009556647003675294,0.009315180068720109,4.089110639804193,22.269137081671328,
474,474,0.1,4220,2,500000.0,4.54014619807071,,13381.5,2.6763,,2110.0,0.26418405772960796,0.00902774911874901,0.009095232658917972,3.9968399503023906,21.390239075415423,
475,475,0.1,4260,2,500000.0,4.63698373150229,,13111.5,2.6223,,2130.0,0.2617961821886184,0.009490876520046687,0.009354164537403363,4.068050539716513,21.33529686211659,
476,476,0.1,4300,2,500000.0,4.67799535753017,,12919.0,2.5838,,2150.0,0.2571911222153176,0.00889890330851188,0.009257571351709981,4.179771091944048,21.599388423774652,
477,477,0.1,4340,2,500000.0,4.76956602764708,,12616.0,2.5232,,2170.0,0.2701427051979408,0.00970588396639539,0.00917960267500507,4.016432734037519,20.268567614821848,
478,478,0.1,4380,2,500000.0,4.82902597469063,,12342.5,2.4685,,2190.0,0.2780112802288386,0.009542788313190621,0.00920663217926716,3.939083378831167,19.446600448654223,
479,479,0.1,4420,2,500000.0,4.85299849190085,,12023.0,2.4046,,2210.0,0.29387292806040927,0.00893283983366839,0.009234296691281016,3.760134394355672,18.08328129204412,
480,480,0.1,4460,2,500000.0,4.96126439299933,,11666.25,2.33325,,2230.0,0.2845720078089471,0.00909590331089255,0.00914361911585364,3.9190325212315775,18.287436288544377,
481,481,0.1,4500,2,500000.0,5.03390777967259,,11358.5,2.2717,,2250.0,0.2840375407654392,0.009348217078501843,0.009368762857208019,3.960748288716655,17.99534980424542,
482,482,0.1,4540,2,500000.0,5.13327980426306,,11024.25,2.20485,,2270.0,0.2919019497799127,0.009019782780984144,0.00940670112647408,3.8887077050945615,17.14648631750122,
483,483,0.1,4580,2,500000.0,5.1915616530718,,10687.5,2.1375,,2290.0,0.2966374735226509,0.008818759974802824,0.009149071159954687,3.860866130731528,16.50567153721257,
484,484,0.1,4620,2,500000.0,5.27607950618037,,10373.25,2.07465,,2310.0,0.29374749257863186,0.009214327029713747,0.009218996339260363,3.933130319348919,16.32012625626264,
485,485,0.1,4660,2,500000.0,5.31403296323338,,9984.5,1.9969,,2330.0,0.2977559581527202,0.009384714232789512,0.009220721317893726,3.9126825005566177,15.626457008608137,
486,486,0.1,4700,2,500000.0,5.37696098997247,,9555.25,1.91105,,2350.0,0.3033667357774448,0.009693665028647632,0.009240639946730569,3.8781331582845024,14.820883764765489,
487,487,0.1,4740,2,500000.0,5.46576162053198,,9318.75,1.86375,,2370.0,0.3073678909229329,0.009187044924280515,0.009196269168488284,3.856055063110604,14.374561830290379,
488,488,0.1,4780,2,500000.0,5.50107846400201,,9005.0,1.801,,2390.0,0.3075069707451803,0.008598874882347883,0.009040267739207656,3.8877799773109505,14.002292365670627,
489,489,0.1,4820,2,500000.0,5.60158436369854,,8651.0,1.7302,,2410.0,0.30262190991857096,0.009202176127301722,0.009331376261696684,3.9836656632925687,13.785093593901776,
490,490,0.1,4860,2,500000.0,5.68579300733066,,8226.25,1.6452499999999999,,2430.0,0.32205119079162614,0.008314364489418729,0.009314469955364639,3.7730270510437935,12.415035316002365,
491,491,0.1,4900,2,500000.0,5.70607918152316,,7889.5,1.5779,,2450.0,0.317301855301821,0.009176051936289639,0.00926684652574335,3.8621951212636865,12.190137731107583,
492,492,0.1,4940,2,500000.0,5.79187090357445,,7524.0,1.5048,,2470.0,0.32209900931002267,0.009276031010288233,0.009066442257736253,3.834494464849816,11.540487489889909,
493,493,0.1,4980,2,500000.0,5.85260940838092,,7182.0,1.4364,,2490.0,0.3237551620893555,0.008514674570231903,0.008894296178999422,3.8482916789884576,11.054231892088811,
494,494,0.1,5020,2,500000.0,5.88370805533401,,6899.75,1.37995,,2510.0,0.34460669984264314,0.009364750832957895,0.009118167032856991,3.642082371063687,10.051997171676401,
495,495,0.1,5060,2,500000.0,5.97762364573449,,6518.75,1.30375,,2530.0,0.3312118526037011,0.0093864330875104,0.00934996784790464,3.8194380584093826,9.95910665878344,
496,496,0.1,5100,2,500000.0,5.98566522431033,,6195.0,1.2389999999999999,,2550.0,0.33656909750015984,0.008477448299277459,0.009308183338206993,3.7905833318587456,9.392025808528306,
497,497,0.1,5140,2,500000.0,6.05046240373416,,5913.75,1.18275,,2570.0,0.3425204860714075,0.008841439778677157,0.009274435356048624,3.7520730519981376,8.87567619328979,
498,498,0.1,5180,2,500000.0,6.06719135785489,,5617.5,1.1235,,2590.0,0.35471317267752056,0.008716158905390169,0.009093176513836157,3.654043550248733,8.21206466938167,
499,499,0.1,5220,2,500000.0,6.13182087478199,,5259.75,1.05195,,2610.0,0.36381010015679754,0.009564370925686036,0.009137193807116787,3.5890220101952246,7.551441498251957,
500,500,0.1,5260,2,500000.0,6.18704915255539,,4948.0,0.9896,,2630.0,0.34915143359330614,0.009617210643443341,0.009349630843125834,3.7802013820596496,7.482187587893335,
501,501,0.1,5300,2,500000.0,6.20709113408728,,4729.75,0.94595,,2650.0,0.3687584305343989,0.008405379804782396,0.009317124229814152,3.5934499610549047,6.798324137386516,
502,502,0.1,5340,2,500000.0,6.29518269467762,,4511.5,0.9023,,2670.0,0.374096922466606,0.009188917097107075,0.009118329307060049,3.5686463712611345,6.440137957671819,
503,503,0.1,5380,2,500000.0,6.32906861969231,,4211.0,0.8422,,2690.0,0.37391613945851526,0.009297172514881609,0.009373269890806004,3.5971740227000364,6.059423280602294,
504,504,0.1,5420,2,500000.0,6.36385203035625,,4064.5,0.8128999999999998,,2710.0,0.3774478721411469,0.009041630436346355,0.009265221900384228,3.5908757328734047,5.837974724468766,
505,505,0.1,5460,2,500000.0,6.39955377027064,,3799.25,0.7598499999999998,,2730.0,0.3640139684775932,0.009088843482720913,0.009173610029506302,3.7507564168122873,5.699379496191078,
506,506,0.1,5500,2,500000.0,6.43619560112135,,3554.0,0.7108000000000001,,2750.0,0.38260624559461576,0.009587266274833152,0.009319741325587818,3.5946465840630824,5.109802152618391,
507,507,0.1,5540,2,500000.0,6.47380024286971,,3370.5,0.6741,,2770.0,0.3864519307469436,0.008941750349340534,0.009189930005030735,3.5866067363167753,4.834712565964926,
508,508,0.1,5580,2,500000.0,6.57487849067915,,3174.0,0.6348,,2790.0,0.4037631692319792,0.009172789705361652,0.009371223626563497,3.4608542889110394,4.392362758072757,
509,509,0.1,5620,2,500000.0,6.61550323964032,,3072.5,0.6145,,2810.0,0.36415723718164367,0.009642966824485984,0.009279647369276457,3.858227800518684,4.7417121102634,
510,510,0.1,5660,2,500000.0,6.65719616369663,,2941.0,0.5882000000000001,,2830.0,0.3959237556850894,0.009695323502167843,0.00885796778040109,3.574569801716942,4.204266328363919,
511,511,0.1,5700,2,500000.0,6.50695469362058,,2807.5,0.5615,,2850.0,0.3913031400049931,0.009012105987803934,0.009078137761776486,3.6448593931610542,4.094663152130107,
512,512,0.1,5740,2,500000.0,6.54761845812481,,2653.75,0.53075,,2870.0,0.40513690713692085,0.008909314383737228,0.009079586647387193,3.5457258674838936,3.7613898310595544,
513,513,0.1,5780,2,500000.0,6.58933858255238,,2550.75,0.5101499999999999,,2890.0,0.4201886917614957,0.008981601635757463,0.009050131195240537,3.4389315398602527,3.508743265274574,
514,514,0.1,5820,2,500000.0,6.44115787871136,,2493.25,0.49865,,2910.0,0.39462391989991374,0.00907456224206268,0.008973013726880263,3.6927662217495385,3.68533723947724,
515,515,0.1,5860,2,500000.0,6.48184465903661,,2409.75,0.48195,,2930.0,0.41245595292662074,0.009508926514436888,0.009199361753218904,3.552016069056608,3.4239483451949058,
516,516,0.1,5900,2,500000.0,6.85985152170491,,2289.0,0.4578,,2950.0,0.4170083474998592,0.009157454832974877,0.009262840344850767,3.546104931222413,3.243954445375504,
517,517,0.1,5940,2,500000.0,6.83721920171921,,2248.0,0.4496,,2970.0,0.43179633022896263,0.008745020096120406,0.009282527265807443,3.439674622132987,3.0936010297425858,
518,518,0.1,5980,2,500000.0,7.51518993117889,,2786.75,0.55735,,2990.0,0.4183655302697389,0.009592739164719357,0.009137271050590852,3.5741079927574377,3.9843584259440217,
