,Simulation Number,ExitSlit.openingHeight,CPMU20.photonEnergy,PG.cFactor,PG.orderDiffraction,CPMU20.numberRays,M1.slopeErrorMer,M1.slopeErrorSag,M3.slopeErrorSag,M3.slopeErrorMer,SourcePhotonFlux,NumberRaysSurvived,PercentageRaysSurvived,PhotonEnergy,Bandwidth,HorizontalFocusFWHM,VerticalFocusFWHM,PhotonFlux1,EnergyPerMilPerBw,FluxPerMilPerBwPerc,FluxPerMilPerBwAbs1,AXUVCurrentAmp1,GaAsPCurrentAmp1
0,0,0.03,500.0,2.25,1,200000.0,1.0,2.0,2.0,0.12,,10601.0,5.3005,500.0,0.0449657749286984,0.0148623310553745,0.0097480829059743,73532793544474.39,11.119568178083048,58.93927112792919,817652911142688.0,0.0015955964677567,0.0008922323470713
1,1,0.03,500.0,2.25,1,200000.0,1.0,2.0,2.0,0.6,,10806.0,5.4030000000000005,500.0,0.0461052273853397,0.0140846095645861,0.0097320686709842,74954755876010.78,10.844757272772654,58.59422354479066,812866133915266.8,0.0016264517904517,0.0009094861562543
2,2,0.03,500.0,2.25,1,200000.0,1.0,2.0,2.0,0.3,,10634.0,5.317,500.0,0.0460655136182595,0.0136638326741032,0.0094318140861169,73761694797843.67,10.854106699937226,57.71128532356624,800617305703999.9,0.0016005634221417,0.0008950097895251
3,3,0.03,500.0,2.25,1,200000.0,1.0,2.0,2.0,0.0,,10759.0,5.3795,500.0,0.0454597431306638,0.013860737475187,0.0094722414297986,74628745000000.0,10.99874230619523,59.16773423617724,820822334889755.6,0.0016193776432973,0.0009055304048807
4,4,0.03,500.0,2.25,1,200000.0,1.0,2.0,1.0,0.12,,10685.0,5.3425,500.0,0.0427028357207746,0.013827635255207,0.009934368515296,74115451280323.45,11.708824286738263,62.554393751899184,867804795973617.9,0.0016082396243732,0.0008993022005902
5,5,0.03,500.0,2.25,1,200000.0,1.0,2.0,1.0,0.6,,10603.0,5.3015,500.0,0.0453937537386082,0.013725397951296,0.0098186873158885,73546666347708.89,11.014731297155118,58.39459797186785,810096767621534.2,0.0015958974952952,0.000892400676917
6,6,0.03,500.0,2.25,1,200000.0,1.0,2.0,1.0,0.3,,10849.0,5.4245,500.0,0.0435423232427183,0.0137360966460576,0.0093807269746072,75253021145552.56,11.483080432177353,62.28996980434604,864136494578723.0,0.0016329238825292,0.0009131052479366
7,7,0.03,500.0,2.25,1,200000.0,1.0,2.0,1.0,0.0,,10664.0,5.332,500.0,0.0490319848212266,0.0144996028110979,0.0100930325091864,73969786846361.19,10.197425248499082,54.3726714249971,754301372013178.8,0.0016050788352191,0.0008975347372105
8,8,0.03,500.0,2.25,1,200000.0,1.0,2.0,0.5,0.12,,10811.0,5.4055,500.0,0.0453823319216439,0.0137058736662686,0.0094711151455871,74989437884097.03,11.017503482705289,59.55511507576344,826196393054151.0,0.0016272043592979,0.0009099069808685
9,9,0.03,500.0,2.25,1,200000.0,1.0,2.0,0.5,0.6,,10805.0,5.4025,500.0,0.0450890648990593,0.0146619116830551,0.0101298142793534,74947819474393.53,11.089163217719127,59.90920428372758,831108602963698.0,0.0016263012766825,0.0009094019913315
10,10,0.03,500.0,2.25,1,200000.0,1.0,2.0,0.5,0.3,,10728.0,5.364,500.0,0.0437971595986823,0.0128463107806065,0.0097258556777901,74413716549865.23,11.416265451493858,61.236847881813055,849526741365483.2,0.0016147117164507,0.0009029212922725
11,11,0.03,500.0,2.25,1,200000.0,1.0,2.0,0.5,0.0,,10726.0,5.363,500.0,0.0470812871892007,0.0153265256623341,0.009782009479857,74399843746630.72,10.61993054673082,56.95468752211739,790121173276843.6,0.0016144106889122,0.0009027529624268
12,12,0.03,500.0,2.25,1,200000.0,1.0,2.0,0.0,0.12,,10700.0,5.35,500.0,0.0430382665047091,0.0136890561006546,0.0098021799395334,74219497304582.2,11.617568285313997,62.15399032642986,862250078037661.6,0.0016104973309119,0.0009005646744328
13,13,0.03,500.0,2.25,1,200000.0,1.0,2.0,0.0,0.6,,10813.0,5.4065,500.0,0.0452533745826144,0.0135985406453918,0.0097082166279177,75003310687331.53,11.048899769611678,59.73587660440554,828704062173370.5,0.0016275053868364,0.0009100753107142
14,14,0.03,500.0,2.25,1,200000.0,1.0,2.0,0.0,0.3,,10583.0,5.2915,500.0,0.0415460578583974,0.0137355490698986,0.0097568644906305,73407938315363.89,12.034836173967769,63.68233561455045,883452511494136.0,0.0015928872199103,0.0008907173784601
15,15,0.03,500.0,2.25,1,200000.0,1.0,2.0,0.0,0.0,,10825.0,5.4125,500.0,0.0462822832106439,0.0147960149951834,0.0096742201299321,75086547506738.55,10.803269962381853,58.47269867139177,811180243258506.4,0.0016293115520674,0.0009110852897884
16,16,0.03,500.0,2.25,1,200000.0,1.0,1.5,2.0,0.12,,10872.0,5.436,500.0,0.0442107184779843,0.0149749230711305,0.0096156751701617,75412558382749.33,11.309474652600048,61.47830421153386,852876417517424.8,0.0016363856992218,0.000915041041162
17,17,0.03,500.0,2.25,1,200000.0,1.0,1.5,2.0,0.6,,10639.0,5.3195,500.0,0.0431251611636867,0.0126035984488443,0.0098601271853527,73796376805929.92,11.59415956968115,61.67513183091887,855606968352268.5,0.001601315990988,0.0008954306141393
18,18,0.03,500.0,2.25,1,200000.0,1.0,1.5,2.0,0.3,,10768.0,5.384,500.0,0.0484325205663367,0.0144539224482156,0.0093800361734767,74691172614555.27,10.323641928054586,55.5824881406459,771084921259185.2,0.0016207322672205,0.0009062878891862
19,19,0.03,500.0,2.25,1,200000.0,1.0,1.5,2.0,0.0,,10740.0,5.37,500.0,0.0414959144276849,0.0146572588304436,0.0096786041905901,74496953369272.23,12.049379002632929,64.70516524413883,897642025687833.2,0.0016165178816816,0.0009039312713466
20,20,0.03,500.0,2.25,1,200000.0,1.0,1.5,1.0,0.12,,10755.0,5.3775,500.0,0.0428844852869474,0.0154329909971251,0.0093331810215446,74600999393531.0,11.659228195334848,62.69749962041315,869790075529214.5,0.0016187755882203,0.0009051937451893
21,21,0.03,500.0,2.25,1,200000.0,1.0,1.5,1.0,0.6,,10594.0,5.297000000000001,500.0,0.0447179338836463,0.0119740215830088,0.0099736260058765,73484238733153.64,11.181196369693051,59.2267971702641,821641703352795.0,0.001594542871372,0.0008916431926114
22,22,0.03,500.0,2.25,1,200000.0,1.0,1.5,1.0,0.3,,10666.0,5.333,500.0,0.0393415297602359,0.014757984208192,0.0093536876636236,73983659649595.69,12.709216012880354,67.77824899669093,940274311910131.6,0.0016053798627576,0.0008977030670561
23,23,0.03,500.0,2.25,1,200000.0,1.0,1.5,1.0,0.0,,10783.0,5.3915,500.0,0.0469682212860789,0.0131180683002147,0.0095986406825585,74795218638814.02,10.645495748168706,57.39519032625157,796232182002843.4,0.0016229899737591,0.0009075503630289
24,24,0.03,500.0,2.25,1,200000.0,1.0,1.5,0.5,0.12,,10843.0,5.4215,500.0,0.0406316179338546,0.0156873603470407,0.0098519027805767,75211402735849.05,12.305687674410713,66.71528572681768,925528031621677.8,0.0016320207999138,0.0009126002583996
25,25,0.03,500.0,2.25,1,200000.0,1.0,1.5,0.5,0.6,,10703.0,5.3515,500.0,0.0441230113596589,0.0133283227161735,0.0099635161016612,74240306509433.97,11.331955471587406,60.6429597062,841287847561906.4,0.0016109488722196,0.0009008171692014
26,26,0.03,500.0,2.25,1,200000.0,1.0,1.5,0.5,0.3,,10560.0,5.28,500.0,0.0441740998659838,0.0147031678287656,0.0096349407623733,73248401078167.11,11.318849767554031,59.76352677268529,829087647517316.2,0.0015894254032177,0.0008887815852347
27,27,0.03,500.0,2.25,1,200000.0,1.0,1.5,0.5,0.0,,10764.0,5.382,500.0,0.0429534422456185,0.0134320149836227,0.0094544364736765,74663427008086.25,11.640510605433535,62.64922807844328,869120413925640.6,0.0016201302121435,0.0009059512294949
28,28,0.03,500.0,2.25,1,200000.0,1.0,1.5,0.0,0.12,,10694.0,5.347,500.0,0.0402069427010474,0.0141129558369652,0.0096509754972897,74177878894878.7,12.43566325641006,66.4934914320246,922451123011478.4,0.0016095942482964,0.0009000596848958
29,29,0.03,500.0,2.25,1,200000.0,1.0,1.5,0.0,0.6,,10740.0,5.37,500.0,0.0440084217929666,0.015256871553813,0.0096190862015178,74496953369272.23,11.361461730034357,61.0110494902845,846394284709140.5,0.0016165178816816,0.0009039312713466
30,30,0.03,500.0,2.25,1,200000.0,1.0,1.5,0.0,0.3,,10796.0,5.398,500.0,0.0415767588189055,0.0153257826628625,0.0092044059722365,74885391859838.28,12.025949453583738,64.91607515044501,900567937318226.2,0.0016249466527593,0.0009086445070259
31,31,0.03,500.0,2.25,1,200000.0,1.0,1.5,0.0,0.0,,10845.0,5.4225,500.0,0.0458228567223386,0.0144111573211293,0.0094856789817275,75225275539083.56,10.911585085795185,59.16807012772438,820826994647097.4,0.0016323218274522,0.0009127685882453
32,32,0.03,500.0,2.25,1,200000.0,1.0,0.0,2.0,0.12,,10690.0,5.345,500.0,0.0439724971563464,0.0144177109175186,0.0099295608792544,74150133288409.7,11.37074381339374,60.77662568258953,843142169351505.8,0.0016089921932194,0.0008997230252044
33,33,0.03,500.0,2.25,1,200000.0,1.0,0.0,2.0,0.6,,10747.0,5.3735,500.0,0.0446917352310265,0.0139057356193829,0.0094676448178783,74545508180592.98,11.18775087642788,60.11737933448522,833996574481191.0,0.0016175714780663,0.0009045204258065
34,34,0.03,500.0,2.25,1,200000.0,1.0,0.0,2.0,0.3,,10900.0,5.45,500.0,0.0393053015762916,0.0143338467483873,0.0094115469456905,75606777628032.34,12.720930254904657,69.32906988923038,961788545004285.2,0.0016406000847607,0.0009173976590017
35,35,0.03,500.0,2.25,1,200000.0,1.0,0.0,2.0,0.0,,10747.0,5.3735,500.0,0.0481636733716186,0.014205859766588,0.0096383313109957,74545508180592.98,10.381267976429609,55.78374347134449,773876896861861.2,0.0016175714780663,0.0009045204258065
36,36,0.03,500.0,2.25,1,200000.0,1.0,0.0,1.0,0.12,,10646.0,5.323,500.0,0.0426206652340965,0.0141825605691203,0.0097382509643361,73844931617250.69,11.731398307692285,62.44623319184604,866304305806267.2,0.0016023695873727,0.0008960197685993
37,37,0.03,500.0,2.25,1,200000.0,1.0,0.0,1.0,0.6,,10822.0,5.411,500.0,0.0409038176543958,0.0149725685464045,0.0097975169596089,75065738301886.8,12.223797891546331,66.1429703911572,917588413581972.6,0.0016288600107596,0.0009108327950198
38,38,0.03,500.0,2.25,1,200000.0,1.0,0.0,1.0,0.3,,10702.0,5.351,500.0,0.0458161027160031,0.0142755570429833,0.0097769357988848,74233370107816.72,10.913193623196475,58.39649907772435,810123141289009.4,0.0016107983584503,0.0009007330042785
39,39,0.03,500.0,2.25,1,200000.0,1.0,0.0,1.0,0.0,,10657.0,5.3285,500.0,0.0465109914767936,0.0140507604792406,0.0097046339322125,73921232035040.42,10.75014709693884,57.282158806038616,794664117963632.2,0.0016040252388344,0.0008969455827505
40,40,0.03,500.0,2.25,1,200000.0,1.0,0.0,0.5,0.12,,10568.0,5.284,500.0,0.0438189758523321,0.0129886084932485,0.0093563399577374,73303892291105.12,11.410581609323222,60.2935132236639,836440045268694.4,0.0015906295133716,0.0008894549046174
41,41,0.03,500.0,2.25,1,200000.0,1.0,0.0,0.5,0.6,,10818.0,5.409,500.0,0.0416789769047909,0.0151668203364252,0.0094720099918083,75037992695417.78,11.996455698568878,64.88882887355906,900189955080114.5,0.0016282579556827,0.0009104961353285
42,42,0.03,500.0,2.25,1,200000.0,1.0,0.0,0.5,0.3,,10790.0,5.395,500.0,0.04491435883142,0.0141946039349508,0.0093076499513302,74843773450134.77,11.132297399071916,60.05874446799299,833183144515663.0,0.0016240435701438,0.0009081395174888
43,43,0.03,500.0,2.25,1,200000.0,1.0,0.0,0.5,0.0,,10600.0,5.3,500.0,0.0453015546660253,0.0125131007501177,0.0096740558147788,73525857142857.14,11.037148806175146,58.49688867272828,811515826387290.0,0.0015954459539874,0.0008921481821484
44,44,0.03,500.0,2.25,1,200000.0,1.0,0.0,0.0,0.12,,10603.0,5.3015,500.0,0.0429401703316898,0.0132339951464348,0.0094999142588887,73546666347708.89,11.644108445256911,61.73124092252952,856385358739849.5,0.0015958974952952,0.000892400676917
45,45,0.03,500.0,2.25,1,200000.0,1.0,0.0,0.0,0.6,,10773.0,5.386500000000001,500.0,0.0405252991688485,0.0145723801697014,0.0096077272215507,74725854622641.52,12.337971841164007,66.45848532242994,921965490141066.2,0.0016214848360667,0.0009067087138005
46,46,0.03,500.0,2.25,1,200000.0,1.0,0.0,0.0,0.3,,10732.0,5.366,500.0,0.0424765465083396,0.0154223678150817,0.0096699908027395,74441462156334.23,11.77120178312595,63.16426876825384,876265472073144.4,0.0016153137715277,0.0009032579519639
47,47,0.03,500.0,2.25,1,200000.0,1.0,0.0,0.0,0.0,,10550.0,5.275,500.0,0.0456204531827211,0.0138109901758936,0.0098371814913491,73179037061994.6,10.959996341934112,57.81398070370245,802041978505721.8,0.0015879202655252,0.0008879399360062
48,48,0.03,500.0,2.25,1,200000.0,0.5,2.0,2.0,0.12,,10805.0,5.4025,500.0,0.047267389176568,0.0110483879310988,0.0094246530177927,74947819474393.53,10.578117571339568,57.148280179162015,792806846115668.1,0.0016263012766825,0.0009094019913315
49,49,0.03,500.0,2.25,1,200000.0,0.5,2.0,2.0,0.6,,10720.0,5.36,500.0,0.0438242767769452,0.0109187641776511,0.00981630216209,74358225336927.22,11.409201400969533,61.1533195091967,848367968687678.1,0.0016135076062967,0.0009022479728897
50,50,0.03,500.0,2.25,1,200000.0,0.5,2.0,2.0,0.3,,10840.0,5.42,500.0,0.0468200659494755,0.0106941339642336,0.0094479137858201,75190593530997.3,10.67918188196403,57.88116580024504,802974024130348.1,0.001631569258606,0.000912347763631
51,51,0.03,500.0,2.25,1,200000.0,0.5,2.0,2.0,0.0,,10728.0,5.364,500.0,0.0449223796509841,0.0104914583542606,0.0096783405583834,74413716549865.23,11.130309745045896,59.7029814724262,828247714480048.2,0.0016147117164507,0.0009029212922725
52,52,0.03,500.0,2.25,1,200000.0,0.5,2.0,1.0,0.12,,10829.0,5.4145,500.0,0.0474880536335149,0.0103019845258402,0.0101516751504964,75114293113207.55,10.528963849702242,57.0090747642128,790875676784900.4,0.0016299136071443,0.0009114219494797
53,53,0.03,500.0,2.25,1,200000.0,0.5,2.0,1.0,0.6,,10704.0,5.351999999999999,500.0,0.0461210421316877,0.0100330359383525,0.0095437792392734,74247242911051.2,10.841038642890329,58.02123881674903,804917229526771.0,0.0016110993859888,0.0009009013341242
54,54,0.03,500.0,2.25,1,200000.0,0.5,2.0,1.0,0.3,,10783.0,5.3915,500.0,0.0446610896321999,0.0104587047682229,0.0094549525472039,74795218638814.02,11.195427700436309,60.36014844690234,837364462609168.4,0.0016229899737591,0.0009075503630289
55,55,0.03,500.0,2.25,1,200000.0,0.5,2.0,1.0,0.0,,10673.0,5.3365,500.0,0.0417295537431527,0.0114341975013485,0.0096495344500325,74032214460916.44,11.98191581624672,63.94149375340063,887047761361023.9,0.0016064334591423,0.000898292221516
56,56,0.03,500.0,2.25,1,200000.0,0.5,2.0,0.5,0.12,,10764.0,5.382,500.0,0.0421466463450315,0.0110279778039033,0.0094163315293673,74663427008086.25,11.863340107935844,63.84849646091071,885757628220970.0,0.0016201302121435,0.0009059512294949
57,57,0.03,500.0,2.25,1,200000.0,0.5,2.0,0.5,0.6,,10801.0,5.4005,500.0,0.0453260326763143,0.0095044408831272,0.0094897370889883,74920073867924.53,11.031188270339872,59.57393225397048,826457440064845.8,0.0016256992216055,0.0009090653316401
58,58,0.03,500.0,2.25,1,200000.0,0.5,2.0,0.5,0.3,,10905.0,5.4525,500.0,0.0433036727693547,0.0097944448450772,0.0099510329681842,75641459636118.6,11.546364731303832,62.95655369743415,873383881766822.2,0.0016413526536069,0.0009178184836159
59,59,0.03,500.0,2.25,1,200000.0,0.5,2.0,0.5,0.0,,10707.0,5.3535,500.0,0.0438483063078365,0.0099076129369118,0.009505228037203,74268052115902.97,11.402948987122915,61.045687402562535,846874809650627.6,0.0016115509272966,0.0009011538288928
60,60,0.03,500.0,2.25,1,200000.0,0.5,2.0,0.0,0.12,,10728.0,5.364,500.0,0.0439173476174801,0.0102419916488686,0.0095034611628459,74413716549865.23,11.385022710273798,61.06926181790865,847201852876092.9,0.0016147117164507,0.0009029212922725
61,61,0.03,500.0,2.25,1,200000.0,0.5,2.0,0.0,0.6,,10802.0,5.401,500.0,0.0445779233726852,0.010149626975668,0.0099461385856255,74927010269541.77,11.216314313698389,60.579313608285,840404897768887.5,0.0016258497353747,0.000909149496563
62,62,0.03,500.0,2.25,1,200000.0,0.5,2.0,0.0,0.3,,10718.0,5.359,500.0,0.0438440569996601,0.0107642449539322,0.0095298326023618,74344352533692.72,11.404054145898868,61.11432616787203,847827021736025.5,0.0016132065787582,0.000902079643044
63,63,0.03,500.0,2.25,1,200000.0,0.5,2.0,0.0,0.0,,10815.0,5.4075,500.0,0.0402284300508881,0.0093711121542827,0.0093547020227651,75017183490566.03,12.42902095278165,67.20993080216677,932390145422910.8,0.0016278064143749,0.0009102436405599
64,64,0.03,500.0,2.25,1,200000.0,0.5,1.5,2.0,0.12,,10687.0,5.343500000000001,500.0,0.0423982888788145,0.0106491362074733,0.0097164673759129,74129324083557.95,11.792928753071402,63.01551479203705,874201837430739.0,0.0016085406519117,0.0008994705304359
65,65,0.03,500.0,2.25,1,200000.0,0.5,1.5,2.0,0.6,,10697.0,5.3485,500.0,0.0422211098887146,0.0103152842500376,0.0099371103023068,74198688099730.45,11.842417248572756,63.339168653991386,878691823773718.1,0.0016100457896041,0.0009003121796643
66,66,0.03,500.0,2.25,1,200000.0,0.5,1.5,2.0,0.3,,10806.0,5.4030000000000005,500.0,0.047445861890651,0.0099860357263232,0.0093641388854477,74954755876010.78,10.538326844021828,56.93857993824994,789897715935267.2,0.0016264517904517,0.0009094861562543
67,67,0.03,500.0,2.25,1,200000.0,0.5,1.5,2.0,0.0,,10841.0,5.4205000000000005,500.0,0.0437207498391103,0.0112157781305385,0.0094487269114201,75197529932614.56,11.436217398831657,61.990016410367,859975300164530.9,0.0016317197723753,0.0009124319285539
68,68,0.03,500.0,2.25,1,200000.0,0.5,1.5,1.0,0.12,,10746.0,5.373,500.0,0.042123139201351,0.0108745615037183,0.0093997991781447,74538571778975.73,11.869960536653531,63.77729796343943,884769905474958.6,0.0016174209642971,0.0009044362608837
69,69,0.03,500.0,2.25,1,200000.0,0.5,1.5,1.0,0.6,,10532.0,5.266,500.0,0.0397216273767071,0.0102511243495409,0.0098096398730661,73054181832884.1,12.587601088398538,66.28630733150669,919576898751676.4,0.0015852110176788,0.000886424967395
70,70,0.03,500.0,2.25,1,200000.0,0.5,1.5,1.0,0.3,,10976.0,5.488,500.0,0.042691944390981,0.0103279284110632,0.0098701357241363,76133944150943.39,11.71181137642512,64.27442083382105,891666393239133.6,0.0016520391312232,0.0009237941931378
71,71,0.03,500.0,2.25,1,200000.0,0.5,1.5,1.0,0.0,,10645.0,5.3225,500.0,0.044276373283651,0.0095941775395494,0.0098519796769326,73837995215633.42,11.292704503975791,60.10541972241115,833830661136126.5,0.0016022190736034,0.0008959356036764
72,72,0.03,500.0,2.25,1,200000.0,0.5,1.5,0.5,0.12,,10795.0,5.3975,500.0,0.0402854265498149,0.0101356942852588,0.0099142483014712,74878455458221.03,12.411436164929896,66.99072670020911,929349170048256.8,0.00162479613899,0.000908560342103
73,73,0.03,500.0,2.25,1,200000.0,0.5,1.5,0.5,0.6,,10783.0,5.3915,500.0,0.0470681397563339,0.0110975023577372,0.0095364055349779,74795218638814.02,10.62289698697334,57.27334910526676,794541902718269.6,0.0016229899737591,0.0009075503630289
74,74,0.03,500.0,2.25,1,200000.0,0.5,1.5,0.5,0.3,,10802.0,5.401,500.0,0.0463848955521939,0.010373436952059,0.0097637554989391,74927010269541.77,10.779371044123236,58.2193830093096,807666044922222.8,0.0016258497353747,0.000909149496563
75,75,0.03,500.0,2.25,1,200000.0,0.5,1.5,0.5,0.0,,10809.0,5.4045000000000005,500.0,0.0447854226287063,0.0105481979759832,0.0097953861706175,74975565080862.53,11.164347027497126,60.33771351010822,837053227145444.9,0.0016269033317595,0.0009097386510229
76,76,0.03,500.0,2.25,1,200000.0,0.5,1.5,0.0,0.12,,10598.0,5.299,500.0,0.0425781036518628,0.011147177686763,0.0096636929983537,73511984339622.64,11.743125153910514,62.22682019057181,863260432412498.4,0.001595144926449,0.0008919798523027
77,77,0.03,500.0,2.25,1,200000.0,0.5,1.5,0.0,0.6,,10826.0,5.412999999999999,500.0,0.0458397320556969,0.0092961013819869,0.00963754881871,75093483908355.78,10.907568119998654,59.04266623355271,819087291098413.4,0.0016294620658366,0.0009111694547112
78,78,0.03,500.0,2.25,1,200000.0,0.5,1.5,0.0,0.3,,10706.0,5.353,500.0,0.043192963833917,0.0090864773118829,0.0097655852872745,74261115714285.7,11.575959499389064,61.966111200229655,859643667888016.1,0.0016114004135273,0.0009010696639699
79,79,0.03,500.0,2.25,1,200000.0,0.5,1.5,0.0,0.0,,10856.0,5.428,500.0,0.0462831817076789,0.0100507359425245,0.0098489169299259,75301575956873.31,10.803060238121953,58.63901097252595,813487461087618.0,0.0016339774789139,0.0009136944023965
80,80,0.03,500.0,2.25,1,200000.0,0.5,0.0,2.0,0.12,,10912.0,5.456,500.0,0.0438408166734234,0.0099045942533158,0.0095669487468599,75690014447439.34,11.404897032931029,62.22511821167168,863236821194107.5,0.0016424062499916,0.0009184076380758
81,81,0.03,500.0,2.25,1,200000.0,0.5,0.0,2.0,0.6,,10869.0,5.4345,500.0,0.042935713521274,0.0111131677008789,0.0098218963417008,75391749177897.56,11.64531712631857,63.28647592297826,877960827884484.4,0.0016359341579141,0.0009147885463935
82,82,0.03,500.0,2.25,1,200000.0,0.5,0.0,2.0,0.3,,10818.0,5.409,500.0,0.0433705127882717,0.0104889594175671,0.0096644707352935,75037992695417.78,11.528570170265771,62.35803605096757,865080764225014.5,0.0016282579556827,0.0009104961353285
83,83,0.03,500.0,2.25,1,200000.0,0.5,0.0,2.0,0.0,,10666.0,5.333,500.0,0.0468117082540402,0.0099540437108943,0.0098589024476833,73983659649595.69,10.681088527822435,56.96224511887705,790226018329616.1,0.0016053798627576,0.0008977030670561
84,84,0.03,500.0,2.25,1,200000.0,0.5,0.0,1.0,0.12,,10710.0,5.355,500.0,0.0432776313368776,0.0087356403391022,0.0093866417179802,74288861320754.72,11.55331252091749,61.86798854951317,858282431661778.5,0.0016120024686043,0.0009014063236613
85,85,0.03,500.0,2.25,1,200000.0,0.5,0.0,1.0,0.6,,10568.0,5.284,500.0,0.0411603224378609,0.0114530959566435,0.0094474414212739,73303892291105.12,12.147621067712524,64.18802972179296,890467906340758.1,0.0015906295133716,0.0008894549046174
86,86,0.03,500.0,2.25,1,200000.0,0.5,0.0,1.0,0.3,,10772.0,5.386,500.0,0.0442408125129532,0.010979990620744,0.0097876256256998,74718918221024.25,11.30178158128551,60.87139559680376,844456893723950.2,0.0016213343222974,0.0009066245488776
87,87,0.03,500.0,2.25,1,200000.0,0.5,0.0,1.0,0.0,,10721.0,5.3605,500.0,0.0450514182230108,0.0108989541296303,0.0098797556625968,74365161738544.47,11.098429743652682,59.493132640850206,825336522930604.4,0.001613658120066,0.0009023321378126
88,88,0.03,500.0,2.25,1,200000.0,0.5,0.0,0.5,0.12,,10813.0,5.4065,500.0,0.0418009291486214,0.011488684775651,0.009234234610296,75003310687331.53,11.961456603566662,64.66961512718316,897148845910343.6,0.0016275053868364,0.0009100753107142
89,89,0.03,500.0,2.25,1,200000.0,0.5,0.0,0.5,0.6,,10743.0,5.3715,500.0,0.0430584314985367,0.0111811022993779,0.0094822296538072,74517762574123.98,11.612127581028858,62.37454330149652,865309766063545.1,0.0016169694229893,0.0009041837661151
90,90,0.03,500.0,2.25,1,200000.0,0.5,0.0,0.5,0.3,,10800.0,5.4,500.0,0.041315094051697,0.0109474663828975,0.0097736685876078,74913137466307.28,12.102114529240955,65.35141845790118,906607369362022.4,0.0016255487078363,0.0009089811667173
91,91,0.03,500.0,2.25,1,200000.0,0.5,0.0,0.5,0.0,,10707.0,5.3535,500.0,0.0418513185915117,0.0105387201682337,0.009629874984699,74268052115902.97,11.947054879685684,63.95855829839731,887284494436049.2,0.0016115509272966,0.0009011538288928
92,92,0.03,500.0,2.25,1,200000.0,0.5,0.0,0.0,0.12,,10678.0,5.339,500.0,0.0409162196195893,0.0113266158362736,0.0092306860687503,74066896469002.7,12.220092781020666,65.24307535786934,905104346853465.0,0.0016071860279885,0.0008987130461303
93,93,0.03,500.0,2.25,1,200000.0,0.5,0.0,0.0,0.6,,10740.0,5.37,500.0,0.0452039647333322,0.011001695291095,0.0094904978048136,74496953369272.23,11.06097668533294,59.39744480023788,824009064345855.2,0.0016165178816816,0.0009039312713466
94,94,0.03,500.0,2.25,1,200000.0,0.5,0.0,0.0,0.3,,10773.0,5.386500000000001,500.0,0.0406287739963318,0.0085929077313015,0.0096210479554978,74725854622641.52,12.306549049329986,66.28922645421598,919617395166639.8,0.0016214848360667,0.0009067087138005
95,95,0.03,500.0,2.25,1,200000.0,0.5,0.0,0.0,0.0,,10811.0,5.4055,500.0,0.0400512485751392,0.0109785648630929,0.0098839403547513,74989437884097.03,12.484005312892103,67.48229071883826,936168540955859.6,0.0016272043592979,0.0009099069808685
96,96,0.03,500.0,2.25,1,200000.0,0.0,2.0,2.0,0.12,,10774.0,5.3870000000000005,500.0,0.0427033880577027,0.007471381089097,0.0101103389719026,74732791024258.77,11.708672841704663,63.07462059826303,875021800650528.6,0.0016216353498359,0.0009067928787233
97,97,0.03,500.0,2.25,1,200000.0,0.0,2.0,2.0,0.6,,10749.0,5.3745,500.0,0.0393142174089007,0.0094985009767839,0.0098422233020957,74559380983827.5,12.718045352386948,68.35313474640365,948249588798215.2,0.0016178725056048,0.0009046887556522
98,98,0.03,500.0,2.25,1,200000.0,0.0,2.0,2.0,0.3,,10857.0,5.4285,500.0,0.0480801923752665,0.009272573846614,0.0096631835165362,75308512358490.56,10.399292833470668,56.45256114649551,783155272868988.1,0.0016341279926832,0.0009137785673194
99,99,0.03,500.0,2.25,1,200000.0,0.0,2.0,2.0,0.0,,10980.0,5.489999999999999,500.0,0.0409037163069569,0.0085743283259395,0.0095043608820793,76161689757412.39,12.223828178540318,67.10881670018634,930987409381903.2,0.0016526411863002,0.0009241308528292
100,100,0.03,500.0,2.25,1,200000.0,0.0,2.0,1.0,0.12,,10767.0,5.3835,500.0,0.0448415187212845,0.0088273543864554,0.0094948301256325,74684236212938.0,11.150380590536727,60.02807390915447,832757657887804.1,0.0016205817534512,0.0009062037242634
101,101,0.03,500.0,2.25,1,200000.0,0.0,2.0,1.0,0.6,,10954.0,5.477,500.0,0.045945417340647,0.0091785346477956,0.0095589153835299,75981343315363.89,10.882478143422135,59.60333279152304,826865307937301.2,0.0016487278282999,0.0009219425648353
102,102,0.03,500.0,2.25,1,200000.0,0.0,2.0,1.0,0.3,,10642.0,5.321,500.0,0.0449255847822769,0.0092714235405828,0.0093094378461323,73817186010781.67,11.129515674045251,59.2201529015948,821549528720908.6,0.0016017675322957,0.0008956831089079
103,103,0.03,500.0,2.25,1,200000.0,0.0,2.0,1.0,0.0,,10814.0,5.407,500.0,0.0473795446813483,0.0078716076525344,0.0096181487310068,75010247088948.78,10.553077353586996,57.06048925084489,791588939841350.2,0.0016276559006057,0.0009101594756371
104,104,0.03,500.0,2.25,1,200000.0,0.0,2.0,0.5,0.12,,10733.0,5.366499999999999,500.0,0.0488546543180063,0.009447808596112,0.0095744699648935,74448398557951.47,10.234439419945186,54.92311914713584,761937624953288.9,0.0016154642852969,0.0009033421168867
105,105,0.03,500.0,2.25,1,200000.0,0.0,2.0,0.5,0.6,,10857.0,5.4285,500.0,0.0433369839047941,0.0085548575823349,0.0094112694302334,75308512358490.56,11.537489574688372,62.631262156195824,868871176221375.4,0.0016341279926832,0.0009137785673194
106,106,0.03,500.0,2.25,1,200000.0,0.0,2.0,0.5,0.3,,10854.0,5.427,500.0,0.0416963228981899,0.0090063748932801,0.0096549317421786,75287703153638.81,11.991465080046796,65.07768098941395,902809863323788.8,0.0016336764513754,0.0009135260725508
107,107,0.03,500.0,2.25,1,200000.0,0.0,2.0,0.5,0.0,,10631.0,5.3155,500.0,0.0434582531361229,0.0082769007811798,0.009618164393165,73740885592991.9,11.50529448189888,61.15639281853349,848410604103386.2,0.001600111880834,0.0008947572947566
108,108,0.03,500.0,2.25,1,200000.0,0.0,2.0,0.0,0.12,,10753.0,5.3765,500.0,0.0435417935236728,0.0089274555061432,0.0100669565957673,74587126590296.5,11.483220132587322,61.73953304285573,856500393693531.9,0.0016184745606818,0.0009050254153436
109,109,0.03,500.0,2.25,1,200000.0,0.0,2.0,0.0,0.6,,10708.0,5.354,500.0,0.0453563037436879,0.009117994360431,0.0093766099644015,74274988517520.22,11.023825989559018,59.02156434809898,818794548793637.0,0.0016117014410658,0.0009012379938156
110,110,0.03,500.0,2.25,1,200000.0,0.0,2.0,0.0,0.3,,10860.0,5.43,500.0,0.0427633832363767,0.0084646993870403,0.0097637387378825,75329321563342.31,11.692246079694511,63.4888962127412,880768964735036.5,0.0016345795339909,0.0009140310620879
111,111,0.03,500.0,2.25,1,200000.0,0.0,2.0,0.0,0.0,,10848.0,5.424,500.0,0.0459232694363436,0.0096306598969736,0.0095187733704649,75246084743935.3,10.88772655207124,59.0550288184344,819258794805946.9,0.00163277336876,0.0009130210830138
112,112,0.03,500.0,2.25,1,200000.0,0.0,1.5,2.0,0.12,,10896.0,5.448,500.0,0.0462644100680336,0.0088506985046957,0.0099474501947368,75579032021563.34,10.807443546015838,58.87895243869429,816816121835569.1,0.0016399980296837,0.0009170609993103
113,113,0.03,500.0,2.25,1,200000.0,0.0,1.5,2.0,0.6,,10719.0,5.3595,500.0,0.0425939123061311,0.0085679603297029,0.0095104644280797,74351288935309.97,11.738766714041136,62.91392020390348,872792435699871.9,0.0016133570925275,0.0009021638079669
114,114,0.03,500.0,2.25,1,200000.0,0.0,1.5,2.0,0.3,,10730.0,5.365,500.0,0.047766451749851,0.00876763394328,0.0098705966769161,74427589353099.73,10.46759769007877,56.158661607272606,779078062390638.1,0.0016150127439892,0.0009030896221182
115,115,0.03,500.0,2.25,1,200000.0,0.0,1.5,2.0,0.0,,10718.0,5.359,500.0,0.045984624834034,0.0090641803039874,0.0093300258764012,74344352533692.72,10.873199505369032,58.26947614927264,808360977196328.6,0.0016132065787582,0.000902079643044
116,116,0.03,500.0,2.25,1,200000.0,0.0,1.5,1.0,0.12,,10857.0,5.4285,500.0,0.0396993963972249,0.0085057615591485,0.0098396564202665,75308512358490.56,12.594649928605728,68.37005713743619,948484349799266.8,0.0016341279926832,0.0009137785673194
117,117,0.03,500.0,2.25,1,200000.0,0.0,1.5,1.0,0.6,,10728.0,5.364,500.0,0.0423049629183083,0.0097203993124533,0.0101826679927558,74413716549865.23,11.818944291843712,63.39681718144967,879491570451905.6,0.0016147117164507,0.0009029212922725
118,118,0.03,500.0,2.25,1,200000.0,0.0,1.5,1.0,0.3,,10951.0,5.4755,500.0,0.0448215181839941,0.0082754613640256,0.0096950953137047,75960534110512.14,11.155356182882509,61.08115277937318,847366813844759.2,0.0016482762869921,0.0009216900700667
119,119,0.03,500.0,2.25,1,200000.0,0.0,1.5,1.0,0.0,,10844.0,5.422,500.0,0.0462979199803044,0.0090978583452301,0.0093179602261682,75218339137466.3,10.799621240278286,58.55554636478887,812329573007436.5,0.001632171313683,0.0009126844233224
120,120,0.03,500.0,2.25,1,200000.0,0.0,1.5,0.5,0.12,,10789.0,5.3945,500.0,0.0440043680827102,0.008426514896658,0.0093532265814023,74836837048517.52,11.3625083550843,61.29505132150225,850334186231862.5,0.0016238930563746,0.000908055352566
121,121,0.03,500.0,2.25,1,200000.0,0.0,1.5,0.5,0.6,,10896.0,5.448,500.0,0.0442917917243335,0.0089222016541857,0.0094859758737832,75579032021563.34,11.288773394220232,61.50123745171184,853194565845943.4,0.0016399980296837,0.0009170609993103
122,122,0.03,500.0,2.25,1,200000.0,0.0,1.5,0.5,0.3,,10825.0,5.4125,500.0,0.0428126325465427,0.0089029474444398,0.0097965352170198,75086547506738.55,11.678795959497153,63.21148313077833,876920467634289.1,0.0016293115520674,0.0009110852897884
123,123,0.03,500.0,2.25,1,200000.0,0.0,1.5,0.5,0.0,,10940.0,5.47,500.0,0.0377386963251638,0.0088787209552487,0.0094240976099937,75884233692722.38,13.24900032825471,72.47203179555326,1005390237104236.0,0.0016466206355304,0.0009207642559154
124,124,0.03,500.0,2.25,1,200000.0,0.0,1.5,0.0,0.12,,10813.0,5.4065,500.0,0.0455984424099824,0.008296026187428,0.0096974282100845,75003310687331.53,10.965286829414584,59.28382324322995,822432814842286.5,0.0016275053868364,0.0009100753107142
125,125,0.03,500.0,2.25,1,200000.0,0.0,1.5,0.0,0.6,,10671.0,5.3355,500.0,0.0490069446669849,0.008695072560052,0.0099299232598594,74018341657681.94,10.202635634554063,54.4361624281632,755182170207263.2,0.0016061324316038,0.0008981238916704
126,126,0.03,500.0,2.25,1,200000.0,0.0,1.5,0.0,0.3,,10754.0,5.377,500.0,0.0414863953601525,0.0079832592704294,0.0095020203525894,74594062991913.75,12.052143736745265,64.80437687247927,899018369086374.9,0.001618625074451,0.0009051095802664
127,127,0.03,500.0,2.25,1,200000.0,0.0,1.5,0.0,0.0,,10758.0,5.379,500.0,0.0458896868212832,0.0087074887811035,0.009893323688256,74621808598382.75,10.895694319014272,58.607939741977766,813056416019969.2,0.001619227129528,0.0009054462399578
128,128,0.03,500.0,2.25,1,200000.0,0.0,0.0,2.0,0.12,,10861.0,5.4305,500.0,0.044136746989011,0.0097975237874769,0.0091952141512814,75336257964959.58,11.328428896775913,61.5190331239416,853441441705212.6,0.0016347300477602,0.0009141152270108
129,129,0.03,500.0,2.25,1,200000.0,0.0,0.0,2.0,0.6,,10758.0,5.379,500.0,0.0454700112246655,0.0087473376021158,0.0094624486598234,74621808598382.75,10.996258556645602,59.148874776196685,820560701312336.6,0.001619227129528,0.0009054462399578
130,130,0.03,500.0,2.25,1,200000.0,0.0,0.0,2.0,0.3,,10918.0,5.459,500.0,0.0443787589960038,0.0086929540793387,0.0097382987940215,75731632857142.86,11.266651238377872,61.5046491103048,853241895114307.0,0.0016433093326071,0.0009189126276129
131,131,0.03,500.0,2.25,1,200000.0,0.0,0.0,2.0,0.0,,10985.0,5.4925,500.0,0.0420227826673453,0.0092764329854167,0.0094290129892551,76196371765498.64,11.898307733641223,65.35145522702443,906607879452834.4,0.0016533937551464,0.0009245516774434
132,132,0.03,500.0,2.25,1,200000.0,0.0,0.0,1.0,0.12,,10669.0,5.334499999999999,500.0,0.0470423525893011,0.0092004504087698,0.0100887339478118,74004468854447.44,10.628720131520708,56.6989075415972,786572787935762.6,0.0016058314040653,0.0008979555618247
133,133,0.03,500.0,2.25,1,200000.0,0.0,0.0,1.0,0.6,,10799.0,5.3995,500.0,0.0419395537829814,0.0080612864408087,0.0093379785236987,74906201064690.02,11.921919879912842,64.37240639158938,893025727601876.4,0.001625398194067,0.0009088970017944
134,134,0.03,500.0,2.25,1,200000.0,0.0,0.0,1.0,0.3,,10707.0,5.3535,500.0,0.0430983112055969,0.0083268042289782,0.009877798192445,74268052115902.97,11.601382653134396,62.108002033555,861612091499518.0,0.0016115509272966,0.0009011538288928
135,135,0.03,500.0,2.25,1,200000.0,0.0,0.0,1.0,0.0,,10982.0,5.491,500.0,0.0430422238522965,0.0086011706083669,0.0097880496298431,76175562560646.89,11.616500153797762,63.78620234450351,884893434201385.6,0.0016529422138387,0.0009242991826749
136,136,0.03,500.0,2.25,1,200000.0,0.0,0.0,0.5,0.12,,10863.0,5.4315,500.0,0.0473932195246789,0.0086241017946801,0.00975024028984,75350130768194.06,10.55003236780816,57.302500805750014,794946318523024.9,0.0016350310752986,0.0009142835568564
137,137,0.03,500.0,2.25,1,200000.0,0.0,0.0,0.5,0.6,,10719.0,5.3595,500.0,0.0421195521043387,0.0091590522398979,0.0096751218476684,74351288935309.97,11.870971437716102,63.62247142043945,882622027308442.0,0.0016133570925275,0.0009021638079669
138,138,0.03,500.0,2.25,1,200000.0,0.0,0.0,0.5,0.3,,10750.0,5.375,500.0,0.0440506912347018,0.009233529401778,0.0097345802400447,74566317385444.73,11.350559684432708,61.0092583038258,846369435931842.8,0.0016180230193741,0.0009047729205751
139,139,0.03,500.0,2.25,1,200000.0,0.0,0.0,0.5,0.0,,10754.0,5.377,500.0,0.0450473432408671,0.008649878734153,0.0095216125420492,74594062991913.75,11.099433707477738,59.6816550451078,827951857150165.2,0.001618625074451,0.0009051095802664
140,140,0.03,500.0,2.25,1,200000.0,0.0,0.0,0.0,0.12,,10753.0,5.3765,500.0,0.0408060700920032,0.0086678931581394,0.0094931197659611,74587126590296.5,12.253078987333929,65.87867917540086,913921953549177.8,0.0016184745606818,0.0009050254153436
141,141,0.03,500.0,2.25,1,200000.0,0.0,0.0,0.0,0.6,,10795.0,5.3975,500.0,0.0433587942059716,0.0085780220876715,0.0098070556778346,74878455458221.03,11.531685997188932,62.24227516982726,863474836298702.6,0.00162479613899,0.000908560342103
142,142,0.03,500.0,2.25,1,200000.0,0.0,0.0,0.0,0.3,,10942.0,5.471,500.0,0.0470419791292329,0.0087397418491949,0.0093012496640821,75898106495956.88,10.628804511528068,58.15018948257006,806706136740664.1,0.0016469216630689,0.0009209325857611
143,143,0.03,500.0,2.25,1,200000.0,0.0,0.0,0.0,0.0,,10897.0,5.4485,500.0,0.0424802616383885,0.0084835344617381,0.0097508020087259,75585968423180.6,11.770172327473608,64.12978392623995,889659873879814.2,0.0016401485434529,0.0009171451642331
144,144,0.03,2000.0,2.25,1,200000.0,1.0,2.0,2.0,0.12,,24797.0,12.3985,2000.0,0.3529343739273827,0.0152057287621119,0.0096389523243664,59975949555888.22,5.666775887382128,70.25952083970732,339870264766154.25,0.0051117216698635,0.003162738002135
145,145,0.03,2000.0,2.25,1,200000.0,1.0,2.0,2.0,0.6,,24641.0,12.3205,2000.0,0.3341885680399628,0.0157045548761659,0.0094977039446548,59598635843313.37,5.98464517122811,73.73382083211592,356676688211467.94,0.0050795634015045,0.0031428409529624
146,146,0.03,2000.0,2.25,1,200000.0,1.0,2.0,2.0,0.3,,24717.0,12.3585,2000.0,0.353836877192407,0.0132202857309529,0.0096568295832975,59782455344311.375,5.652322097881431,69.85422264666767,337909693408261.0,0.0050952302501922,0.0031525343871747
147,147,0.03,2000.0,2.25,1,200000.0,1.0,2.0,2.0,0.0,,24875.0,12.4375,2000.0,0.3560145144085709,0.0127850376342961,0.0098783717545542,60164606412175.65,5.6177484879303305,69.87074681863348,337989626698923.2,0.005127800804043,0.0031726865267213
148,148,0.03,2000.0,2.25,1,200000.0,1.0,2.0,1.0,0.12,,24916.0,12.458,2000.0,0.3255011951232518,0.0138449408184431,0.0095341669995613,60263772195608.78,6.144370681166609,76.54656994597362,370282955015202.06,0.0051362526566246,0.0031779158793885
149,149,0.03,2000.0,2.25,1,200000.0,1.0,2.0,1.0,0.6,,24842.0,12.421,2000.0,0.346663789760214,0.0132720151322815,0.0095678866762076,60084790049900.19,5.769278647139328,71.66021007611758,346645896252738.7,0.0051209980934286,0.0031684775355502
150,150,0.03,2000.0,2.25,1,200000.0,1.0,2.0,1.0,0.3,,24501.0,12.2505,2000.0,0.3562654532724991,0.0149592677269435,0.0095408635610403,59260020973053.89,5.613791574874498,68.77175368800005,332673406465416.0,0.0050507034170797,0.0031249846267819
151,151,0.03,2000.0,2.25,1,200000.0,1.0,2.0,1.0,0.0,,24538.0,12.269,2000.0,0.3330512672198438,0.0141143609301534,0.0093948683370279,59349512045908.19,6.005081489991209,73.67634480070215,356398656226893.6,0.0050583306986777,0.003129703798701
152,152,0.03,2000.0,2.25,1,200000.0,1.0,2.0,0.5,0.12,,24534.0,12.267,2000.0,0.3659018474027107,0.0135408694745458,0.0098740408209486,59339837335329.336,5.465946712750004,67.05076832530429,324348388818163.3,0.0050575061276942,0.003129193617953
153,153,0.03,2000.0,2.25,1,200000.0,1.0,2.0,0.5,0.6,,24858.0,12.429,2000.0,0.3477068523832258,0.0141465975122024,0.0100210720401298,60123488892215.56,5.751971772462211,71.49125715993283,345828610969969.2,0.0051242963773629,0.0031705182585423
154,154,0.03,2000.0,2.25,1,200000.0,1.0,2.0,0.5,0.3,,24542.0,12.271,2000.0,0.3320361395801683,0.0132461265206069,0.0095631899365579,59359186756487.03,6.02344070898075,73.91364093990278,357546541961014.94,0.0050591552696613,0.003130213979449
155,155,0.03,2000.0,2.25,1,200000.0,1.0,2.0,0.5,0.0,,25057.0,12.5285,2000.0,0.3387879836664069,0.0139933436017339,0.0095182045195309,60604805743512.98,5.903397099140719,73.9607105565845,357774234420241.3,0.0051653187837952,0.003195899750756
156,156,0.03,2000.0,2.25,1,200000.0,1.0,2.0,0.0,0.12,,24839.0,12.4195,2000.0,0.3541337974716043,0.0145448364450764,0.0098011486648257,60077534016966.06,5.64758295954615,70.1401565660834,339292857365771.7,0.005120379665191,0.0031680948999892
157,157,0.03,2000.0,2.25,1,200000.0,1.0,2.0,0.0,0.6,,24824.0,12.412,2000.0,0.3479615052397093,0.0144856747808202,0.0095351001422221,60041253852295.41,5.747762237728589,71.34122489468724,345102851598099.7,0.0051172875240026,0.0031661817221841
158,158,0.03,2000.0,2.25,1,200000.0,1.0,2.0,0.0,0.3,,24827.0,12.4135,2000.0,0.3283553752771695,0.0145655630892838,0.0097148304299527,60048509885229.54,6.090961654919677,75.6101525033454,365753171145998.3,0.0051179059522403,0.0031665643577451
159,159,0.03,2000.0,2.25,1,200000.0,1.0,2.0,0.0,0.0,,24703.0,12.3515,2000.0,0.3460489789458734,0.0144106592150586,0.0095564569053132,59748593857285.43,5.779528684327736,71.38584854447403,345318712046429.1,0.0050923442517498,0.0031507487545567
160,160,0.03,2000.0,2.25,1,200000.0,1.0,1.5,2.0,0.12,,24692.0,12.346,2000.0,0.3564231282296077,0.0122636142643075,0.0097092577273051,59721988403193.61,5.611308137982562,69.27721027153271,335118479543340.44,0.005090076681545,0.0031493457574996
161,161,0.03,2000.0,2.25,1,200000.0,1.0,1.5,2.0,0.6,,24721.0,12.3605,2000.0,0.3700387470635178,0.0141853182057237,0.0095938361932323,59792130054890.22,5.404839400930888,66.80651741520624,323166860386254.6,0.0050960548211758,0.0031530445679227
162,162,0.03,2000.0,2.25,1,200000.0,1.0,1.5,2.0,0.3,,24816.0,12.408,2000.0,0.3543234802580173,0.0145291851065158,0.0095135027542486,60021904431137.72,5.644559594367288,70.03769544690931,338797216528974.9,0.0051156383820355,0.0031651613606881
163,163,0.03,2000.0,2.25,1,200000.0,1.0,1.5,2.0,0.0,,24934.0,12.467,2000.0,0.3118848850533595,0.0152655217257313,0.0095652536401611,60307308393213.57,6.4126223996325615,79.94616345621914,386727996663870.1,0.0051399632260506,0.0031802116927546
164,164,0.03,2000.0,2.25,1,200000.0,1.0,1.5,1.0,0.12,,24679.0,12.3395,2000.0,0.3351239970131701,0.0149963430110642,0.0097325321075738,59690545593812.375,5.967940278300636,73.6413990640907,356229611283053.44,0.0050873968258484,0.0031476876700686
165,165,0.03,2000.0,2.25,1,200000.0,1.0,1.5,1.0,0.6,,24974.0,12.487,2000.0,0.3370303037090707,0.0147341991905416,0.0095976656662638,60404055499001.99,5.934184487239545,74.1001616921602,358448809108534.2,0.0051482089358863,0.0031853135002347
166,166,0.03,2000.0,2.25,1,200000.0,1.0,1.5,1.0,0.3,,25100.0,12.55,2000.0,0.3352010080332093,0.0129040267285151,0.0096025239743366,60708808882235.52,5.966569169153138,74.88044307287188,362223307372756.7,0.0051741829218686,0.0032013841937972
167,167,0.03,2000.0,2.25,1,200000.0,1.0,1.5,1.0,0.0,,24670.0,12.335,2000.0,0.3168586437732301,0.0137005902492518,0.0097210874238798,59668777495009.984,6.311962887246853,77.85806221418994,376627109075893.3,0.0050855415411354,0.0031465397633855
168,168,0.03,2000.0,2.25,1,200000.0,1.0,1.5,0.5,0.12,,24604.0,12.302,2000.0,0.3260518905333356,0.0138037555395931,0.0095107264344302,59509144770459.08,6.133992956546036,75.46038135142935,365028674872074.4,0.0050719361199065,0.0031381217810433
169,169,0.03,2000.0,2.25,1,200000.0,1.0,1.5,0.5,0.6,,24858.0,12.429,2000.0,0.3511799099965174,0.0126606009599768,0.0095208575359283,60123488892215.56,5.695086601109482,70.78423136518975,342408476002011.6,0.0051242963773629,0.0031705182585423
170,170,0.03,2000.0,2.25,1,200000.0,1.0,1.5,0.5,0.3,,24717.0,12.3585,2000.0,0.3296318982806951,0.0148985582551028,0.0095061955414077,59782455344311.375,6.067373972093312,74.9836412341152,362722513543905.6,0.0050952302501922,0.0031525343871747
171,171,0.03,2000.0,2.25,1,200000.0,1.0,1.5,0.5,0.0,,24621.0,12.3105,2000.0,0.3230000692533394,0.0144188663040866,0.0096901012801362,59550262290419.17,6.191949136801377,76.22598984859334,368732195185456.5,0.0050754405465867,0.0031402900492224
172,172,0.03,2000.0,2.25,1,200000.0,1.0,1.5,0.0,0.12,,24620.0,12.31,2000.0,0.3244498049934918,0.0139580361252273,0.0096651381972274,59547843612774.45,6.164281713900608,75.8823078981165,367069683484438.7,0.0050752344038408,0.0031401625040353
173,173,0.03,2000.0,2.25,1,200000.0,1.0,1.5,0.0,0.6,,24797.0,12.3985,2000.0,0.3476021026976923,0.0150379649061585,0.0095581027697748,59975949555888.22,5.753705125712054,71.3373130011409,345083928379161.6,0.0051117216698635,0.003162738002135
174,174,0.03,2000.0,2.25,1,200000.0,1.0,1.5,0.0,0.3,,24684.0,12.342,2000.0,0.3235323889800838,0.0148432879149476,0.0097329819265723,59702638982035.93,6.181761295383372,76.29529790762157,369067462891396.2,0.0050884275395778,0.0031483253960036
175,175,0.03,2000.0,2.25,1,200000.0,1.0,1.5,0.0,0.0,,24720.0,12.36,2000.0,0.3492193144074917,0.0142477062761839,0.0096319817490287,59789711377245.5,5.727060095153472,70.78646277609691,342419270129366.25,0.0050958486784299,0.0031529170227357
176,176,0.03,2000.0,2.25,1,200000.0,1.0,0.0,2.0,0.12,,24863.0,12.4315,2000.0,0.3666411684464492,0.0145695433882843,0.0095452218626838,60135582280439.12,5.45492479329177,67.81289756780663,328035078740604.56,0.0051253270910924,0.0031711559844773
177,177,0.03,2000.0,2.25,1,200000.0,1.0,0.0,2.0,0.6,,24460.0,12.23,2000.0,0.3377728066238887,0.0137319580992778,0.0095960606720887,59160855189620.76,5.921139774366168,72.41553944049824,350299692748780.6,0.0050422515644982,0.0031197552741147
178,178,0.03,2000.0,2.25,1,200000.0,1.0,0.0,2.0,0.3,,24764.0,12.382,2000.0,0.3415735724202022,0.0139790374233889,0.0096923620722148,59896133193612.77,5.855253923273692,72.49975407797486,350707068870824.8,0.0051049189592491,0.0031585290109639
179,179,0.03,2000.0,2.25,1,200000.0,1.0,0.0,2.0,0.0,,24736.0,12.368,2000.0,0.363301768221163,0.0119787767863521,0.0098265177420807,59828410219560.88,5.505065416534068,68.08664907169334,329359312025917.94,0.0050991469623642,0.0031549577457278
180,180,0.03,2000.0,2.25,1,200000.0,1.0,0.0,1.0,0.12,,24685.0,12.3425,2000.0,0.3500109658200472,0.0140776505124062,0.0096308806048244,59705057659680.64,5.714106686098142,70.52636177316633,341161069167056.25,0.0050886336823237,0.0031484529411906
181,181,0.03,2000.0,2.25,1,200000.0,1.0,0.0,1.0,0.6,,24746.0,12.373,2000.0,0.3424938348407522,0.0152405737954061,0.0096081160161548,59852596996007.984,5.839521172490391,72.25239546722362,349510507386723.44,0.0051012083898231,0.0031562331975978
182,182,0.03,2000.0,2.25,1,200000.0,1.0,0.0,1.0,0.3,,25169.0,12.584500000000002,2000.0,0.3325973397168127,0.0144245668800253,0.0097476744299676,60875697639720.56,6.0132772009027,75.67408693476004,366062444705978.0,0.0051884067713351,0.0032101848117005
183,183,0.03,2000.0,2.25,1,200000.0,1.0,0.0,1.0,0.0,,24850.0,12.425,2000.0,0.3421819332470477,0.0144533166412683,0.0097463442485291,60104139471057.89,5.844843943166469,72.62218599384339,351299315546645.44,0.0051226472353958,0.0031694978970462
184,184,0.03,2000.0,2.25,1,200000.0,1.0,0.0,0.5,0.12,,24776.0,12.388,2000.0,0.3389254433070618,0.0147511188417246,0.0097118095550698,59925157325349.305,5.901002829663712,73.10162305387406,353618522944929.4,0.0051073926721998,0.003160059553208
185,185,0.03,2000.0,2.25,1,200000.0,1.0,0.0,0.5,0.6,,24639.0,12.3195,2000.0,0.3240433506666704,0.0146018734810903,0.0096766915255518,59593798488023.95,6.172013700899281,76.03612278822868,367813740756714.7,0.0050791511160127,0.0031425858625884
186,186,0.03,2000.0,2.25,1,200000.0,1.0,0.0,0.5,0.3,,24501.0,12.2505,2000.0,0.3559782424640616,0.0133268192118047,0.0095966661128439,59260020973053.89,5.618320901176744,68.8272401998657,332941814437080.9,0.0050507034170797,0.0031249846267819
187,187,0.03,2000.0,2.25,1,200000.0,1.0,0.0,0.5,0.0,,24732.0,12.366,2000.0,0.3456532496925319,0.0144421789066293,0.0094425084476548,59818735508982.05,5.786145513687647,71.55147542226145,346119908099764.44,0.0050983223913806,0.0031544475649798
188,188,0.03,2000.0,2.25,1,200000.0,1.0,0.0,0.0,0.12,,25001.0,12.5005,2000.0,0.3531063891189205,0.0135782305526928,0.0098851399827682,60469359795409.18,5.664015326911664,70.80302359405925,342499380689733.6,0.0051537747900253,0.0031887572202838
189,189,0.03,2000.0,2.25,1,200000.0,1.0,0.0,0.0,0.6,,24540.0,12.27,2000.0,0.3458613327966304,0.01435490268232,0.0095303883464786,59354349401197.59,5.782664352294097,70.95329160264856,343226280435913.8,0.0050587429841695,0.003129958889075
190,190,0.03,2000.0,2.25,1,200000.0,1.0,0.0,0.0,0.3,,25001.0,12.5005,2000.0,0.3274606104700979,0.0127840198116917,0.0096044543029822,60469359795409.18,6.107604811243795,76.34811394295306,369322952819273.2,0.0051537747900253,0.0031887572202838
191,191,0.03,2000.0,2.25,1,200000.0,1.0,0.0,0.0,0.0,,24947.0,12.4735,2000.0,0.3161143601819276,0.0135731612187575,0.0099121532315303,60338751202594.805,6.326824250720454,78.91764229136159,381752674366764.8,0.0051426430817472,0.0031818697801856
192,192,0.03,2000.0,2.25,1,200000.0,0.5,2.0,2.0,0.12,,24652.0,12.326,2000.0,0.3616901392501859,0.0105587732522182,0.0097611060795227,59625241297405.18,5.529595039959254,68.15778846253777,329703438534505.4,0.0050818309717093,0.0031442439500195
193,193,0.03,2000.0,2.25,1,200000.0,0.5,2.0,2.0,0.6,,24794.0,12.397,2000.0,0.3442044860266833,0.0106683450432511,0.0094460795035808,59968693522954.086,5.81049951755991,72.0327625191902,348448064783822.8,0.0051111032416259,0.003162355366574
194,194,0.03,2000.0,2.25,1,200000.0,0.5,2.0,2.0,0.3,,24642.0,12.321,2000.0,0.3570858485700228,0.0107159229376215,0.0093982025390746,59601054520958.08,5.600894037131829,69.00861543150127,333819190873203.2,0.0050797695442504,0.0031429684981494
195,195,0.03,2000.0,2.25,1,200000.0,0.5,2.0,2.0,0.0,,24838.0,12.419,2000.0,0.3344728933834631,0.0091086933089442,0.0096003208247233,60075115339321.34,5.979557804425904,74.26012837316529,359222624779025.25,0.0051201735224451,0.0031679673548022
196,196,0.03,2000.0,2.25,1,200000.0,0.5,2.0,1.0,0.12,,24846.0,12.423,2000.0,0.34168676600666,0.0107472398306347,0.0096459610927593,60094464760479.05,5.853314201700796,72.71572232772898,351751784026120.06,0.0051218226644122,0.0031689877162982
197,197,0.03,2000.0,2.25,1,200000.0,0.5,2.0,1.0,0.6,,24948.0,12.474,2000.0,0.3726074768937906,0.0105376454101737,0.0094671413411055,60341169880239.52,5.367578816916997,66.95517816222262,323885985237163.6,0.0051428492244931,0.0031819973253726
198,198,0.03,2000.0,2.25,1,200000.0,0.5,2.0,1.0,0.3,,24854.0,12.427,2000.0,0.3212329875832438,0.0099950901577988,0.0093594348814337,60113814181636.734,6.22601064432003,77.37063427696502,374269246965546.7,0.0051234718063793,0.0031700080777943
199,199,0.03,2000.0,2.25,1,200000.0,0.5,2.0,1.0,0.0,,25068.0,12.534,2000.0,0.32613462257018,0.0094778552254685,0.0095808531579314,60631411197604.79,6.132436918958598,76.86396434222708,371818304476751.4,0.005167586354,0.0031973027478131
200,200,0.03,2000.0,2.25,1,200000.0,0.5,2.0,0.5,0.12,,24921.0,12.4605,2000.0,0.3475986730700242,0.0098049249166575,0.009459774162822,60275865583832.33,5.753761895394512,71.69475009756331,346812978608175.94,0.005137283370354,0.0031785536053235
201,201,0.03,2000.0,2.25,1,200000.0,0.5,2.0,0.5,0.6,,24658.0,12.329,2000.0,0.3372799711601146,0.0108674923750414,0.0098217707211289,59639753363273.445,5.929791778387438,73.10840283573872,353651319158593.44,0.0050830678281847,0.0031450092211415
202,202,0.03,2000.0,2.25,1,200000.0,0.5,2.0,0.5,0.3,,24697.0,12.3485,2000.0,0.3510174112684581,0.0098922078656419,0.0097842284006611,59734081791417.17,5.697723063857936,70.35833325404971,340348255521333.94,0.0050911073952744,0.0031499834834346
203,203,0.03,2000.0,2.25,1,200000.0,0.5,2.0,0.5,0.0,,24888.0,12.444,2000.0,0.363404608359815,0.0109381212904275,0.0094013091011412,60196049221556.88,5.503507534003958,68.48564775314526,331289410408111.44,0.0051304806597396,0.0031743446141524
204,204,0.03,2000.0,2.25,1,200000.0,0.5,2.0,0.0,0.12,,24738.0,12.369,2000.0,0.3699389772393715,0.0105383330976354,0.0098201199376808,59833247574850.3,5.40629704640689,66.87048816700683,323476309640845.4,0.005099559247856,0.0031552128361018
205,205,0.03,2000.0,2.25,1,200000.0,0.5,2.0,0.0,0.6,,24829.0,12.4145,2000.0,0.3502604427631013,0.009410963736479,0.0095384519915987,60053347240518.96,5.7100367492903,70.88725122406443,342906819661254.44,0.0051183182377321,0.0031668194481192
206,206,0.03,2000.0,2.25,1,200000.0,0.5,2.0,0.0,0.3,,24582.0,12.291,2000.0,0.3488673524711885,0.0094036424339957,0.0095467173472324,59455933862275.45,5.732837956412593,70.46231132226718,340851234379609.5,0.0050674009794969,0.0031353157869292
207,207,0.03,2000.0,2.25,1,200000.0,0.5,2.0,0.0,0.0,,25074.0,12.537,2000.0,0.3243918501932512,0.011021339601685,0.0101228633903473,60645923263473.055,6.165383004562329,77.29540672819792,373905344584608.0,0.0051688232104754,0.0031980680189351
208,208,0.03,2000.0,2.25,1,200000.0,0.5,1.5,2.0,0.12,,24836.0,12.418,2000.0,0.3489790358671598,0.0103117494338192,0.0095816444851011,60070277984031.93,5.731003282275407,71.167598759296,344262960293683.1,0.0051197612369533,0.0031677122644282
209,209,0.03,2000.0,2.25,1,200000.0,0.5,1.5,2.0,0.6,,24857.0,12.4285,2000.0,0.3370508455031995,0.010191979970646,0.0096740877996423,60121070214570.87,5.933822824310389,73.74851697194168,356747778661188.1,0.005124090234617,0.0031703907133553
210,210,0.03,2000.0,2.25,1,200000.0,0.5,1.5,2.0,0.3,,24891.0,12.4455,2000.0,0.3501226171408689,0.0105250420196238,0.0094646080986607,60203305254491.016,5.712284502875508,71.09223678053712,343898407627112.6,0.0051310990879773,0.0031747272497134
211,211,0.03,2000.0,2.25,1,200000.0,0.5,1.5,2.0,0.0,,24861.0,12.4305,2000.0,0.3342106407699248,0.0094730028874926,0.0095787885167666,60130744925149.695,5.984249919130575,74.38721861975262,359837405455588.25,0.0051249148056006,0.0031709008941033
212,212,0.03,2000.0,2.25,1,200000.0,0.5,1.5,1.0,0.12,,25289.0,12.6445,2000.0,0.3117180038968854,0.0100860899504244,0.0098693134269787,61165938957085.83,6.416055457167591,81.1278132281556,392444056438390.3,0.005213143900842,0.0032254902341409
213,213,0.03,2000.0,2.25,1,200000.0,0.5,1.5,1.0,0.6,,24845.0,12.4225,2000.0,0.3321397002146113,0.010106457305593,0.0096350704694699,60092046082834.32,6.021562609672087,74.8028615186515,361848017831087.2,0.0051216165216663,0.0031688601711112
214,214,0.03,2000.0,2.25,1,200000.0,0.5,1.5,1.0,0.3,,24954.0,12.477,2000.0,0.3257871239666201,0.0103608192702464,0.0097596799902554,60355681946107.78,6.138978040780145,76.59602901481388,370522206103466.3,0.0051440860809685,0.0031827625964946
215,215,0.03,2000.0,2.25,1,200000.0,0.5,1.5,1.0,0.0,,24984.0,12.492,2000.0,0.3175638430500385,0.0108004117747116,0.0096306403308669,60428242275449.1,6.29794620442624,78.67394398569259,380573819078813.94,0.0051502703633452,0.0031865889521048
216,216,0.03,2000.0,2.25,1,200000.0,0.5,1.5,0.5,0.12,,24798.0,12.399,2000.0,0.336390130783684,0.0098331221661453,0.0100033557337276,59978368233532.93,5.945477637351083,73.7179772255161,356600047057278.6,0.0051119278126094,0.003162865547322
217,217,0.03,2000.0,2.25,1,200000.0,0.5,1.5,0.5,0.6,,24827.0,12.4135,2000.0,0.3512320581551194,0.0106630475958249,0.009467763510229,60048509885229.54,5.6942410396852585,70.68546114613295,341930689360419.94,0.0051179059522403,0.0031665643577451
218,218,0.03,2000.0,2.25,1,200000.0,0.5,1.5,0.5,0.3,,24791.0,12.3955,2000.0,0.3175585874134867,0.0091402254437885,0.0095822778091859,59961437490019.95,6.298050436267496,78.06748418275374,377640157543246.4,0.0051104848133882,0.003161972731013
219,219,0.03,2000.0,2.25,1,200000.0,0.5,1.5,0.5,0.0,,24714.0,12.357,2000.0,0.3352600335933857,0.010545748657763,0.0100254169939101,59775199311377.24,5.965518700704018,73.71591458459955,356590069330330.9,0.0050946118219546,0.0031521517516137
220,220,0.03,2000.0,2.25,1,200000.0,0.5,1.5,0.0,0.12,,24781.0,12.3905,2000.0,0.3362823752163422,0.0110428041698932,0.0096363834705765,59937250713572.84,5.947382757461881,73.69104605633143,356469771423572.94,0.0051084233859293,0.003160697279143
221,221,0.03,2000.0,2.25,1,200000.0,0.5,1.5,0.0,0.6,,24652.0,12.326,2000.0,0.3344723378068011,0.0108009804539443,0.0098248684217047,59625241297405.18,5.97956773679516,73.70415192373714,356533169160590.44,0.0050818309717093,0.0031442439500195
222,222,0.03,2000.0,2.25,1,200000.0,0.5,1.5,0.0,0.3,,24733.0,12.3665,2000.0,0.3316319230143563,0.0106221236173133,0.0094770934676976,59821154186626.74,6.030782506765552,74.5796718699162,360768370203233.4,0.0050985285341265,0.0031545751101668
223,223,0.03,2000.0,2.25,1,200000.0,0.5,1.5,0.0,0.0,,24889.0,12.4445,2000.0,0.3305649360822826,0.0103234179892128,0.0095449355861386,60198467899201.59,6.050248473728531,75.2923171313147,364215688527940.4,0.0051306868024855,0.0031744721593394
224,224,0.03,2000.0,2.25,1,200000.0,0.5,0.0,2.0,0.12,,24730.0,12.365,2000.0,0.3355234775099234,0.0105355940375879,0.0096150473873608,59813898153692.61,5.96083473753591,73.70572152963153,356540761901965.94,0.0050979101058888,0.0031541924746058
225,225,0.03,2000.0,2.25,1,200000.0,0.5,0.0,2.0,0.6,,25015.0,12.5075,2000.0,0.3243823019281535,0.0096578464241562,0.0097276787399354,60503221282435.125,6.165564483980306,77.11579778338367,373036512305383.4,0.0051566607884678,0.0031905428529019
226,226,0.03,2000.0,2.25,1,200000.0,0.5,0.0,2.0,0.3,,24889.0,12.4445,2000.0,0.3295434354240569,0.0094107254197304,0.009668311022719,60198467899201.59,6.069002701954592,75.5257041244739,365344664333781.2,0.0051306868024855,0.0031744721593394
227,227,0.03,2000.0,2.25,1,200000.0,0.5,0.0,2.0,0.0,,24761.0,12.3805,2000.0,0.3527671058889154,0.0101464825281581,0.0094871469777109,59888877160678.64,5.669462845636717,70.19078476040538,339537763929368.94,0.0051043005310115,0.0031581463754029
228,228,0.03,2000.0,2.25,1,200000.0,0.5,0.0,1.0,0.12,,24911.0,12.4555,2000.0,0.3493056039624207,0.0106112965638005,0.0099064814579858,60251678807385.234,5.725645329798848,71.31577540530955,344979743376045.44,0.0051352219428951,0.0031772781534535
229,229,0.03,2000.0,2.25,1,200000.0,0.5,0.0,1.0,0.6,,24959.0,12.4795,2000.0,0.3395089872301469,0.0098715658745945,0.0098731407405391,60367775334331.336,5.890860257682183,73.5149905857448,355618128561699.2,0.0051451167946979,0.0031834003224297
230,230,0.03,2000.0,2.25,1,200000.0,0.5,0.0,1.0,0.3,,24635.0,12.3175,2000.0,0.3596569327241923,0.0113394217236142,0.0096173447645868,59584123777445.11,5.56085485368282,68.49582966023813,331338663910243.5,0.0050783265450292,0.0031420756818404
231,231,0.03,2000.0,2.25,1,200000.0,0.5,0.0,1.0,0.0,,24917.0,12.4585,2000.0,0.3206843871432738,0.0103671980089819,0.009721749989587,60266190873253.49,6.236661590595146,77.69944842642964,375859837830695.8,0.0051364587993705,0.0031780434245755
232,232,0.03,2000.0,2.25,1,200000.0,0.5,0.0,0.5,0.12,,24722.0,12.361,2000.0,0.3274530723101634,0.0105014902051506,0.0098152651347851,59794548732534.93,6.107745411854316,75.4978410359312,365209880675039.5,0.0050962609639217,0.0031531721131097
233,233,0.03,2000.0,2.25,1,200000.0,0.5,0.0,0.5,0.6,,24773.0,12.3865,2000.0,0.3246427676967869,0.0110275879883019,0.0095512117979878,59917901292415.17,6.160617758988489,76.30849187171091,369131286783372.25,0.0051067742439621,0.0031596769176469
234,234,0.03,2000.0,2.25,1,200000.0,0.5,0.0,0.5,0.3,,24876.0,12.438,2000.0,0.3466035095050301,0.011283390891671,0.0095775039871211,60167025089820.36,5.770282022983886,71.77076780187357,347180703252210.9,0.0051280069467889,0.0031728140719083
235,235,0.03,2000.0,2.25,1,200000.0,0.5,0.0,0.5,0.0,,24970.0,12.485,2000.0,0.3550549272401895,0.0105301042787576,0.0094926922970401,60394380788423.15,5.632931263750718,70.32714682792772,340197395697974.5,0.0051473843649027,0.0031848033194867
236,236,0.03,2000.0,2.25,1,200000.0,0.5,0.0,0.0,0.12,,24879.0,12.4395,2000.0,0.359807392329003,0.0103369709695144,0.0098783210203847,60174281122754.49,5.5585294872742,69.14532755694741,334480515996358.06,0.0051286253750266,0.0031731967074694
237,237,0.03,2000.0,2.25,1,200000.0,0.5,0.0,0.0,0.6,,25143.0,12.5715,2000.0,0.3291642358631179,0.0091474582069724,0.0095464437469857,60812812020958.08,6.07599423660259,76.38436154544945,369498295350937.94,0.0051830470599419,0.0032068686368384
238,238,0.03,2000.0,2.25,1,200000.0,0.5,0.0,0.0,0.3,,25091.0,12.5455,2000.0,0.358198313212597,0.0111047391212204,0.0096119863397987,60687040783433.13,5.583499213222048,70.04778937947721,338846044467073.25,0.0051723276371555,0.0032002362871142
239,239,0.03,2000.0,2.25,1,200000.0,0.5,0.0,0.0,0.0,,24801.0,12.4005,2000.0,0.3187399684231877,0.0107388961175621,0.0095226406654947,59985624266467.06,6.274707279084061,77.80950761428191,376392233225202.4,0.0051125462408471,0.003163248182883
240,240,0.03,2000.0,2.25,1,200000.0,0.0,2.0,2.0,0.12,,25102.0,12.551000000000002,2000.0,0.3584274274066956,0.0086647721969175,0.0096386931306928,60713646237524.95,5.579930125522082,70.03370300542765,338777903671055.9,0.0051745952073603,0.0032016392841712
241,241,0.03,2000.0,2.25,1,200000.0,0.0,2.0,2.0,0.6,,24986.0,12.493,2000.0,0.329880431293077,0.0085699046912771,0.0093808194482749,60433079630738.52,6.062802792394594,75.74259528538566,366393843938246.4,0.005150682648837,0.0031868440424788
242,242,0.03,2000.0,2.25,1,200000.0,0.0,2.0,2.0,0.3,,25009.0,12.504499999999998,2000.0,0.3192697045319619,0.0086202941344883,0.0094780500214452,60488709216566.86,6.264296209788928,78.33189195530565,378919191880364.4,0.0051554239319925,0.0031897775817799
243,243,0.03,2000.0,2.25,1,200000.0,0.0,2.0,2.0,0.0,,24728.0,12.364,2000.0,0.3493136309630245,0.0084205628757907,0.0096141125625654,59809060798403.2,5.725513758183985,70.7902521061868,342437600465319.94,0.005097497820397,0.0031539373842318
244,244,0.03,2000.0,2.25,1,200000.0,0.0,2.0,1.0,0.12,,24901.0,12.4505,2000.0,0.3589208867053912,0.0086811829132504,0.0096870944936064,60227492030938.125,5.572258606509117,69.37740578034176,335603160817854.2,0.0051331605154362,0.0031760027015834
245,245,0.03,2000.0,2.25,1,200000.0,0.0,2.0,1.0,0.6,,24884.0,12.442,2000.0,0.3149315543844295,0.0090070999019812,0.0097540319246294,60186374510978.05,6.350586253286792,79.01399416339427,382218762604587.75,0.0051296560887561,0.0031738344334044
246,246,0.03,2000.0,2.25,1,200000.0,0.0,2.0,1.0,0.3,,24521.0,12.2605,2000.0,0.3382437466434567,0.0087091633298578,0.0095492568515966,59308394525948.1,5.912895714545769,72.4950579081884,350684351829068.3,0.0050548262719976,0.003127535530522
247,247,0.03,2000.0,2.25,1,200000.0,0.0,2.0,1.0,0.0,,25035.0,12.5175,2000.0,0.3453492854825981,0.0086520874117506,0.0095922187264061,60551594835329.34,5.791238274042349,72.4918250953251,350668713564664.3,0.0051607836433856,0.003193093756642
248,248,0.03,2000.0,2.25,1,200000.0,0.0,2.0,0.5,0.12,,25097.0,12.5485,2000.0,0.3272678291032207,0.0084982778038053,0.0096780121846171,60701552849301.4,6.11120257521309,76.68642551506147,370959486092084.2,0.0051735644936309,0.0032010015582362
249,249,0.03,2000.0,2.25,1,200000.0,0.0,2.0,0.5,0.6,,24758.0,12.379,2000.0,0.3442560473331468,0.0092461027370635,0.0096379598509273,59881621127744.51,5.809629243969505,71.9174004110985,347890017280046.6,0.0051036821027738,0.0031577637398419
250,250,0.03,2000.0,2.25,1,200000.0,0.0,2.0,0.5,0.3,,24853.0,12.4265,2000.0,0.3217117826300182,0.0087514196812522,0.0096516934690882,60111395503992.02,6.216744639098539,77.252377257758,373697195748174.4,0.0051232656636334,0.0031698805326073
251,251,0.03,2000.0,2.25,1,200000.0,0.0,2.0,0.5,0.0,,25040.0,12.52,2000.0,0.3298028107235495,0.0093889389975025,0.009682424397571,60563688223552.9,6.064229700202461,75.92415584653482,367272116879071.5,0.0051618143571151,0.003193731482577
252,252,0.03,2000.0,2.25,1,200000.0,0.0,2.0,0.0,0.12,,24731.0,12.3655,2000.0,0.3281484915207784,0.0081734655096938,0.0097162741764708,59816316831337.33,6.094801748839854,75.36527102527921,364568592432793.5,0.0050981162486347,0.0031543200197928
253,253,0.03,2000.0,2.25,1,200000.0,0.0,2.0,0.0,0.6,,24772.0,12.386,2000.0,0.3399367003967199,0.0087206744703225,0.0093593799270054,59915482614770.45,5.883448293949781,72.87239056886199,352509643971049.0,0.0051065681012163,0.0031595493724599
254,254,0.03,2000.0,2.25,1,200000.0,0.0,2.0,0.0,0.3,,24870.0,12.435,2000.0,0.3492337321624745,0.0090382556828797,0.009651761573774,60152513023952.09,5.726823659375312,71.213052204332,344482834756450.44,0.0051267700903136,0.0031720488007863
255,255,0.03,2000.0,2.25,1,200000.0,0.0,2.0,0.0,0.0,,25236.0,12.618,2000.0,0.3441847733574832,0.0084377703091414,0.0097058174092918,61037749041916.16,5.810832305247638,73.3210820276147,354680123972364.5,0.0052022183353098,0.0032187303392297
256,256,0.03,2000.0,2.25,1,200000.0,0.0,1.5,2.0,0.12,,24694.0,12.347,2000.0,0.3263362577733915,0.0091493770706436,0.009414356143917,59726825758483.03,6.128647835965576,75.67041483066696,366044681433820.06,0.0050904889670367,0.0031496008478736
257,257,0.03,2000.0,2.25,1,200000.0,0.0,1.5,2.0,0.6,,25032.0,12.516,2000.0,0.3245084563827731,0.0086474170077334,0.0099661702339239,60544338802395.2,6.163167586735876,77.13820551558621,373144906467277.25,0.005160165215148,0.0031927111210809
258,258,0.03,2000.0,2.25,1,200000.0,0.0,1.5,2.0,0.3,,24827.0,12.4135,2000.0,0.3608581105872872,0.008282635588032,0.009535059529324,60048509885229.54,5.542344598393679,68.79989467215992,332809534403991.3,0.0051179059522403,0.0031665643577451
259,259,0.03,2000.0,2.25,1,200000.0,0.0,1.5,2.0,0.0,,24979.0,12.4895,2000.0,0.3380226459171354,0.0091923004473212,0.0098866937001001,60416148887225.56,5.9167633416202845,73.89741575516655,357468054977809.3,0.0051492396496157,0.0031859512261697
260,260,0.03,2000.0,2.25,1,200000.0,0.0,1.5,1.0,0.12,,24736.0,12.368,2000.0,0.3235791819099631,0.0079798108240701,0.0097270456638145,59828410219560.88,6.180867348124101,76.44496736159888,369791467216258.06,0.0050991469623642,0.0031549577457278
261,261,0.03,2000.0,2.25,1,200000.0,0.0,1.5,1.0,0.6,,24771.0,12.3855,2000.0,0.3367425300330069,0.0091696678839816,0.0092095110054843,59913063937125.75,5.939255726931681,73.56065180591234,355839008106598.1,0.0051063619584704,0.0031594218272729
262,262,0.03,2000.0,2.25,1,200000.0,0.0,1.5,1.0,0.3,,25042.0,12.521,2000.0,0.3441610135223527,0.0084078734748635,0.0095881208868439,60568525578842.31,5.81123346752959,72.76245424693799,351977842922690.44,0.0051622266426069,0.003193986572951
263,263,0.03,2000.0,2.25,1,200000.0,0.0,1.5,1.0,0.0,,24796.0,12.398,2000.0,0.3231432219633916,0.0080818080991949,0.0094454454972885,59973530878243.52,6.189206098299586,76.73377720671827,371188543048183.3,0.0051115155271176,0.003162610456948
264,264,0.03,2000.0,2.25,1,200000.0,0.0,1.5,0.5,0.12,,24863.0,12.4315,2000.0,0.3510961029728605,0.0087007208429911,0.0097736570074514,60135582280439.12,5.696446024507992,70.8153687536711,342559098612880.7,0.0051253270910924,0.0031711559844773
265,265,0.03,2000.0,2.25,1,200000.0,0.0,1.5,0.5,0.6,,24973.0,12.4865,2000.0,0.3378778754890845,0.0091135859113727,0.0094380420351781,60401636821357.28,5.919298495366004,73.9113206623876,357535317954303.94,0.0051480027931404,0.0031851859550477
266,266,0.03,2000.0,2.25,1,200000.0,0.0,1.5,0.5,0.3,,24791.0,12.3955,2000.0,0.3184789965966956,0.008689164709818,0.0097395230707385,59961437490019.95,6.279848973942512,77.84186795650442,376548771697819.9,0.0051104848133882,0.003161972731013
267,267,0.03,2000.0,2.25,1,200000.0,0.0,1.5,0.5,0.0,,24879.0,12.4395,2000.0,0.3714091097679102,0.009012870217936,0.0096388383929684,60174281122754.49,5.384897535899913,66.98543289782697,324032338142469.3,0.0051286253750266,0.0031731967074694
268,268,0.03,2000.0,2.25,1,200000.0,0.0,1.5,0.0,0.12,,24900.0,12.45,2000.0,0.3380998097104566,0.0077670180801269,0.009634380359631,60225073353293.41,5.915412971432219,73.64689149433113,356256180119528.75,0.0051329543726903,0.0031758751563964
269,269,0.03,2000.0,2.25,1,200000.0,0.0,1.5,0.0,0.6,,24988.0,12.494,2000.0,0.3450924349069737,0.0086015182169228,0.0096558808082549,60437916986027.94,5.795548663763488,72.40958500506102,350270889029022.8,0.0051510949343288,0.0031870991328528
270,270,0.03,2000.0,2.25,1,200000.0,0.0,1.5,0.0,0.3,,25089.0,12.5445,2000.0,0.3269008858869711,0.0088052751931101,0.0094798269813281,60682203428143.71,6.118062343494285,76.74803306796404,371257503713985.8,0.0051719153516638,0.0031999811967402
271,271,0.03,2000.0,2.25,1,200000.0,0.0,1.5,0.0,0.0,,24746.0,12.373,2000.0,0.3193790991199421,0.0084200736324267,0.0094773968382136,59852596996007.984,6.262150546203728,77.48158870817873,374805972970263.0,0.0051012083898231,0.0031562331975978
272,272,0.03,2000.0,2.25,1,200000.0,0.0,0.0,2.0,0.12,,24674.0,12.337,2000.0,0.3099045401338571,0.0092118678458627,0.0098704512135778,59678452205588.82,6.453600192937281,79.61806558026724,385140870668186.3,0.0050863661121189,0.0031470499441336
273,273,0.03,2000.0,2.25,1,200000.0,0.0,0.0,2.0,0.6,,24786.0,12.393,2000.0,0.3439558555135136,0.0081360611203448,0.009708930419138,59949344101796.414,5.814699671311229,72.06157302656005,348587431444039.4,0.0051094540996587,0.003161335005078
274,274,0.03,2000.0,2.25,1,200000.0,0.0,0.0,2.0,0.3,,24924.0,12.462,2000.0,0.3429773023231064,0.0085250598441159,0.0096773534484073,60283121616766.46,5.831289669763257,72.66953186458971,351528344344932.4,0.0051379017985917,0.0031789362408845
275,275,0.03,2000.0,2.25,1,200000.0,0.0,0.0,2.0,0.0,,25037.0,12.5185,2000.0,0.3407468835830514,0.0083386607638712,0.0099377507608698,60556432190618.76,5.869459403324325,73.47682754051556,355433520352999.1,0.0051611959288774,0.003193348847016
276,276,0.03,2000.0,2.25,1,200000.0,0.0,0.0,1.0,0.12,,24955.0,12.4775,2000.0,0.3644226416563469,0.0088463292880293,0.0097249712069095,60358100623752.49,5.488133204099908,68.47818205415659,331253296169619.4,0.0051442922237143,0.0031828901416816
277,277,0.03,2000.0,2.25,1,200000.0,0.0,0.0,1.0,0.6,,24729.0,12.3645,2000.0,0.3302334301033625,0.0093045256727684,0.0094927958081134,59811479476047.9,6.056322036730211,74.88339382315068,362237581200225.6,0.0050977039631429,0.0031540649294188
278,278,0.03,2000.0,2.25,1,200000.0,0.0,0.0,1.0,0.3,,24832.0,12.416,2000.0,0.3543339567386283,0.008017037835558,0.0094533830297028,60060603273453.09,5.644392703449769,70.08077980603234,339005630881470.0,0.0051189366659697,0.0031672020836802
279,279,0.03,2000.0,2.25,1,200000.0,0.0,0.0,1.0,0.0,,24948.0,12.474,2000.0,0.3239754057301525,0.008149946121634,0.0096419135329483,60341169880239.52,6.1733081111282,77.00584537821317,372504633456647.3,0.0051428492244931,0.0031819973253726
280,280,0.03,2000.0,2.25,1,200000.0,0.0,0.0,0.5,0.12,,24778.0,12.389,2000.0,0.3439069191067574,0.0085970003410835,0.0096674659670002,59929994680638.72,5.815527076904054,72.04856495576432,348524506783970.44,0.0051078049576916,0.003160314643582
281,281,0.03,2000.0,2.25,1,200000.0,0.0,0.0,0.5,0.6,,25003.0,12.501499999999998,2000.0,0.3623576970198883,0.0085818994587176,0.0093807042682593,60474197150698.59,5.519408077842565,69.00088008514881,333781772254609.6,0.0051541870755171,0.0031890123106578
282,282,0.03,2000.0,2.25,1,200000.0,0.0,0.0,0.5,0.3,,24814.0,12.407,2000.0,0.336429535064326,0.0092273256542785,0.0095238388161286,60017067075848.31,5.944781273789163,73.75690126390214,356788336460251.1,0.0051152260965437,0.0031649062703141
283,283,0.03,2000.0,2.25,1,200000.0,0.0,0.0,0.5,0.0,,24755.0,12.3775,2000.0,0.3456744607983637,0.0088954882351315,0.0095893632169488,59874365094810.375,5.785790467079445,71.61362150627582,346420530787988.1,0.0051030636745361,0.0031573811042809
284,284,0.03,2000.0,2.25,1,200000.0,0.0,0.0,0.0,0.12,,24708.0,12.354,2000.0,0.3398096241933217,0.0094967505554406,0.0096917791929956,59760687245508.98,5.885648485524284,72.711301390167,351730398380420.3,0.0050933749654792,0.0031513864804917
285,285,0.03,2000.0,2.25,1,200000.0,0.0,0.0,0.0,0.6,,24838.0,12.419,2000.0,0.3176443015831864,0.0086298788492871,0.0094896809905062,60075115339321.34,6.296350949888609,78.19438244666664,378254009531403.7,0.0051201735224451,0.0031679673548022
286,286,0.03,2000.0,2.25,1,200000.0,0.0,0.0,0.0,0.3,,24626.0,12.313,2000.0,0.339770992641661,0.0087776949046805,0.0095930197658067,59562355678642.71,5.8863176766513945,72.47822955260862,350602947094192.1,0.0050764712603161,0.0031409277751574
287,287,0.03,2000.0,2.25,1,200000.0,0.0,0.0,0.0,0.0,,25031.0,12.5155,2000.0,0.3101525022966598,0.0089531924086586,0.0099601609323199,60541920124750.49,6.448440638686213,80.70545881347729,390400978076535.75,0.0051599590724021,0.0031925835758939
