Simulation Number,ExitSlit.totalHeight,CPMU20.photonEnergy,PG.orderDiffraction,CPMU20.numberRays,PG.cFactor
0,0.05,502,2,500000.0,1.17662360156545
1,0.05,504,2,500000.0,1.17747901516844
2,0.05,506,2,500000.0,1.17837189466193
3,0.05,508,2,500000.0,1.1791362468331
4,0.05,510,2,500000.0,1.18000708146274
5,0.05,512,2,500000.0,1.18089388467086
6,0.05,514,2,500000.0,1.18169303123046
7,0.05,516,2,500000.0,1.18256256858225
8,0.05,518,2,500000.0,1.18333929872482
9,0.05,520,2,500000.0,1.18413280440169
10,0.05,522,2,500000.0,1.184814908884
11,0.05,524,2,500000.0,1.18564428721044
12,0.05,526,2,500000.0,1.18623535979449
13,0.05,528,2,500000.0,1.18691311580508
14,0.05,530,2,500000.0,1.18740617352132
15,0.05,532,2,500000.0,1.18810554884438
16,0.05,534,2,500000.0,1.18943277689967
17,0.05,536,2,500000.0,1.19165789569026
18,0.05,538,2,500000.0,1.1933953170949
19,0.05,540,2,500000.0,1.19462031821519
20,0.05,542,2,500000.0,1.19557065892945
21,0.05,544,2,500000.0,1.19668353378915
22,0.05,546,2,500000.0,1.19757869607337
23,0.05,548,2,500000.0,1.19860065465315
24,0.05,550,2,500000.0,1.19963845879841
25,0.05,552,2,500000.0,1.20065872263705
26,0.05,554,2,500000.0,1.20181115118366
27,0.05,556,2,500000.0,1.20295231364558
28,0.05,558,2,500000.0,1.20410472404016
29,0.05,560,2,500000.0,1.20514112000624
30,0.05,562,2,500000.0,1.20653239223348
31,0.05,564,2,500000.0,1.20811897847302
32,0.05,566,2,500000.0,1.2098506842126
33,0.05,568,2,500000.0,1.21147483348648
34,0.05,570,2,500000.0,1.21322571296527
35,0.05,572,2,500000.0,1.22040172983306
36,0.05,574,2,500000.0,1.22372713714585
37,0.05,576,2,500000.0,1.22027554950736
38,0.05,578,2,500000.0,1.21702969464689
39,0.05,580,2,500000.0,1.21534946177801
40,0.05,582,2,500000.0,1.21559007975785
41,0.05,584,2,500000.0,1.21587072513883
42,0.05,586,2,500000.0,1.21614745395122
43,0.05,588,2,500000.0,1.21641984515278
44,0.05,590,2,500000.0,1.21696884226858
45,0.05,592,2,500000.0,1.21747564218327
46,0.05,594,2,500000.0,1.21811891168984
47,0.05,596,2,500000.0,1.21860384648691
48,0.05,598,2,500000.0,1.21910049382016
49,0.05,600,2,500000.0,1.21985929056978
50,0.05,602,2,500000.0,1.22050059246538
51,0.05,604,2,500000.0,1.22113579614298
52,0.05,606,2,500000.0,1.22175151083902
53,0.05,608,2,500000.0,1.22238215795596
54,0.05,610,2,500000.0,1.22318836533182
55,0.05,612,2,500000.0,1.22388822314828
56,0.05,614,2,500000.0,1.2245971197151
57,0.05,616,2,500000.0,1.2252878876884
58,0.05,618,2,500000.0,1.225923815419
59,0.05,620,2,500000.0,1.22668718395639
60,0.05,622,2,500000.0,1.22741865002142
61,0.05,624,2,500000.0,1.22816432589286
62,0.05,626,2,500000.0,1.22887045718098
63,0.05,628,2,500000.0,1.22959507691401
64,0.05,630,2,500000.0,1.23040421769492
65,0.05,632,2,500000.0,1.23117903184959
66,0.05,634,2,500000.0,1.2319261619573
67,0.05,636,2,500000.0,1.23270341452702
68,0.05,638,2,500000.0,1.23347773841695
69,0.05,640,2,500000.0,1.23422873606346
70,0.05,642,2,500000.0,1.23521015912391
71,0.05,644,2,500000.0,1.23598529338285
72,0.05,646,2,500000.0,1.23678336528058
73,0.05,648,2,500000.0,1.2375610899281
74,0.05,650,2,500000.0,1.23833604842222
75,0.05,652,2,500000.0,1.23915559600907
76,0.05,654,2,500000.0,1.23991243430684
77,0.05,656,2,500000.0,1.24074079328274
78,0.05,658,2,500000.0,1.24155651007879
79,0.05,660,2,500000.0,1.24231942993718
80,0.05,662,2,500000.0,1.24314995045508
81,0.05,664,2,500000.0,1.24399008048548
82,0.05,666,2,500000.0,1.24478593786844
83,0.05,668,2,500000.0,1.24561914540455
84,0.05,670,2,500000.0,1.24636834168605
85,0.05,672,2,500000.0,1.24722718437682
86,0.05,674,2,500000.0,1.24809630082086
87,0.05,676,2,500000.0,1.24884567323607
88,0.05,678,2,500000.0,1.24968323318255
89,0.05,680,2,500000.0,1.25043238280315
90,0.05,682,2,500000.0,1.2512710931248
91,0.05,684,2,500000.0,1.25210187482514
92,0.05,686,2,500000.0,1.2528606408531
93,0.05,688,2,500000.0,1.2537017293449
94,0.05,690,2,500000.0,1.25445082841514
95,0.05,692,2,500000.0,1.25529326238378
96,0.05,694,2,500000.0,1.25608149875268
97,0.05,696,2,500000.0,1.25688263441476
98,0.05,698,2,500000.0,1.25768349177669
99,0.05,700,2,500000.0,1.25848494585637
100,0.05,702,2,500000.0,1.25928548443795
101,0.05,704,2,500000.0,1.2600864681475
102,0.05,706,2,500000.0,1.26088685337121
103,0.05,708,2,500000.0,1.26168753417693
104,0.05,710,2,500000.0,1.26248794694978
105,0.05,712,2,500000.0,1.2634870605769
106,0.05,714,2,500000.0,1.2642888534796
107,0.05,716,2,500000.0,1.26509115522965
108,0.05,718,2,500000.0,1.26589288992069
109,0.05,720,2,500000.0,1.266694990595
110,0.05,722,2,500000.0,1.26742532522346
111,0.05,724,2,500000.0,1.26822702873633
112,0.05,726,2,500000.0,1.26902888811467
113,0.05,728,2,500000.0,1.26983031425198
114,0.05,730,2,500000.0,1.27055805381929
115,0.05,732,2,500000.0,1.27135901229813
116,0.05,734,2,500000.0,1.272159837589
117,0.05,736,2,500000.0,1.27296098866863
118,0.05,738,2,500000.0,1.27368491854199
119,0.05,740,2,500000.0,1.27448555561608
120,0.05,742,2,500000.0,1.27528577565715
121,0.05,744,2,500000.0,1.276086046278
122,0.05,746,2,500000.0,1.27688630008345
123,0.05,748,2,500000.0,1.27768646892401
124,0.05,750,2,500000.0,1.27848648389625
125,0.05,752,2,500000.0,1.2792868307211
126,0.05,754,2,500000.0,1.28016843760962
127,0.05,756,2,500000.0,1.28096914587123
128,0.05,758,2,500000.0,1.2817699952141
129,0.05,760,2,500000.0,1.28257035434233
130,0.05,762,2,500000.0,1.28337129179016
131,0.05,764,2,500000.0,1.28418710389317
132,0.05,766,2,500000.0,1.28505838495462
133,0.05,768,2,500000.0,1.28585885107582
134,0.05,770,2,500000.0,1.28689382385114
135,0.05,772,2,500000.0,1.28769614424958
136,0.05,774,2,500000.0,1.28835108195056
137,0.05,776,2,500000.0,1.2891523913895
138,0.05,778,2,500000.0,1.28995378710095
139,0.05,780,2,500000.0,1.29084637328192
140,0.05,782,2,500000.0,1.29164824012589
141,0.05,784,2,500000.0,1.29245061579877
142,0.05,786,2,500000.0,1.29326685540874
143,0.05,788,2,500000.0,1.29414859932067
144,0.05,790,2,500000.0,1.29519742122294
145,0.05,792,2,500000.0,1.29600119569745
146,0.05,794,2,500000.0,1.29690183422233
147,0.05,796,2,500000.0,1.29770587029687
148,0.05,798,2,500000.0,1.29851063884867
149,0.05,800,2,500000.0,1.29941365924252
150,0.05,802,2,500000.0,1.30021834112426
151,0.05,804,2,500000.0,1.30109146940227
152,0.05,806,2,500000.0,1.30192977717907
153,0.05,808,2,500000.0,1.30273523472302
154,0.05,810,2,500000.0,1.30364324447937
155,0.05,812,2,500000.0,1.30444932808101
156,0.05,814,2,500000.0,1.30525570824403
157,0.05,816,2,500000.0,1.30616741790999
158,0.05,818,2,500000.0,1.30697409968417
159,0.05,820,2,500000.0,1.30778091275259
160,0.05,822,2,500000.0,1.30869521201282
161,0.05,824,2,500000.0,1.30950266291593
162,0.05,826,2,500000.0,1.31031008129603
163,0.05,828,2,500000.0,1.3112278617373
164,0.05,830,2,500000.0,1.3120355962641
165,0.05,832,2,500000.0,1.31284381804785
166,0.05,834,2,500000.0,1.31376464441493
167,0.05,836,2,500000.0,1.31457355675456
168,0.05,838,2,500000.0,1.315382107129
169,0.05,840,2,500000.0,1.31630553599908
170,0.05,842,2,500000.0,1.31711516242917
171,0.05,844,2,500000.0,1.31795480027411
172,0.05,846,2,500000.0,1.31885197962638
173,0.05,848,2,500000.0,1.31966185534058
174,0.05,850,2,500000.0,1.32059219216227
175,0.05,852,2,500000.0,1.32140264665985
176,0.05,854,2,500000.0,1.32221884773407
177,0.05,856,2,500000.0,1.32314625583204
178,0.05,858,2,500000.0,1.32395837186324
179,0.05,860,2,500000.0,1.32489377407417
180,0.05,862,2,500000.0,1.3257059739536
181,0.05,864,2,500000.0,1.32634611282785
182,0.05,866,2,500000.0,1.32745767815731
183,0.05,868,2,500000.0,1.32809735468001
184,0.05,870,2,500000.0,1.32890918261099
185,0.05,872,2,500000.0,1.32985216725563
186,0.05,874,2,500000.0,1.33066499138617
187,0.05,876,2,500000.0,1.33157712394971
188,0.05,878,2,500000.0,1.33242460601584
189,0.05,880,2,500000.0,1.33329262758449
190,0.05,882,2,500000.0,1.33418690330805
191,0.05,884,2,500000.0,1.3350018813911
192,0.05,886,2,500000.0,1.33595387436252
193,0.05,888,2,500000.0,1.33684287774441
194,0.05,890,2,500000.0,1.33772361511608
195,0.05,892,2,500000.0,1.33854070982281
196,0.05,894,2,500000.0,1.33949736724061
197,0.05,896,2,500000.0,1.34037504045888
198,0.05,898,2,500000.0,1.34127561580435
199,0.05,900,2,500000.0,1.3422067252821
200,0.05,902,2,500000.0,1.34305723027778
201,0.05,904,2,500000.0,1.34388853234001
202,0.05,906,2,500000.0,1.34484269675661
203,0.05,908,2,500000.0,1.34571264364512
204,0.05,910,2,500000.0,1.34663252605795
205,0.05,912,2,500000.0,1.34753244663371
206,0.05,914,2,500000.0,1.34842556558974
207,0.05,916,2,500000.0,1.34924811240484
208,0.05,918,2,500000.0,1.35022318030645
209,0.05,920,2,500000.0,1.35104631264484
210,0.05,922,2,500000.0,1.35202507217289
211,0.05,924,2,500000.0,1.35284861707109
212,0.05,926,2,500000.0,1.35383093621598
213,0.05,928,2,500000.0,1.35465559010075
214,0.05,930,2,500000.0,1.35564133790432
215,0.05,932,2,500000.0,1.35646694133815
216,0.05,934,2,500000.0,1.3574559834824
217,0.05,936,2,500000.0,1.35828237364387
218,0.05,938,2,500000.0,1.35927457241784
219,0.05,940,2,500000.0,1.36010248136541
220,0.05,942,2,500000.0,1.36109770020853
221,0.05,944,2,500000.0,1.36192697936982
222,0.05,946,2,500000.0,1.36276562632542
223,0.05,948,2,500000.0,1.36375557594781
224,0.05,950,2,500000.0,1.36458533419973
225,0.05,952,2,500000.0,1.36558889687475
226,0.05,954,2,500000.0,1.36641963307448
227,0.05,956,2,500000.0,1.36742666329226
228,0.05,958,2,500000.0,1.36825915849898
229,0.05,960,2,500000.0,1.36926953155921
230,0.05,962,2,500000.0,1.37010270270469
231,0.05,964,2,500000.0,1.37100225690137
232,0.05,966,2,500000.0,1.37195092545958
233,0.05,968,2,500000.0,1.37278537649863
234,0.05,970,2,500000.0,1.3738045156753
235,0.05,972,2,500000.0,1.37464021604122
236,0.05,974,2,500000.0,1.37566321948265
237,0.05,976,2,500000.0,1.37649904869742
238,0.05,978,2,500000.0,1.37752579557062
239,0.05,980,2,500000.0,1.37836355581004
240,0.05,982,2,500000.0,1.37934440695512
241,0.05,984,2,500000.0,1.38023250093147
242,0.05,986,2,500000.0,1.38107949769723
243,0.05,988,2,500000.0,1.38210761710983
244,0.05,990,2,500000.0,1.38294720866426
245,0.05,992,2,500000.0,1.38358167460871
246,0.05,994,2,500000.0,1.38442202842275
247,0.05,996,2,500000.0,1.38546266886296
248,0.05,998,2,500000.0,1.38630433603133
249,0.05,1000,2,500000.0,1.38719560853008
250,0.05,1002,2,500000.0,1.38819192301866
251,0.05,1004,2,500000.0,1.38903383961997
252,0.05,1006,2,500000.0,1.39008454437937
253,0.05,1008,2,500000.0,1.39092846385091
254,0.05,1010,2,500000.0,1.39198300301531
255,0.05,1012,2,500000.0,1.39282774789582
256,0.05,1014,2,500000.0,1.39387537759758
257,0.05,1016,2,500000.0,1.39473250024411
258,0.05,1018,2,500000.0,1.39557884296765
259,0.05,1020,2,500000.0,1.39664356222928
260,0.05,1022,2,500000.0,1.39749037919015
261,0.05,1024,2,500000.0,1.39855963496376
262,0.05,1026,2,500000.0,1.39940786910615
263,0.05,1028,2,500000.0,1.4002952084712
264,0.05,1030,2,500000.0,1.40133109277338
265,0.05,1032,2,500000.0,1.40218130528617
266,0.05,1034,2,500000.0,1.40326093603049
267,0.05,1036,2,500000.0,1.40411224770544
268,0.05,1038,2,500000.0,1.40500559311992
269,0.05,1040,2,500000.0,1.40604835471862
270,0.05,1042,2,500000.0,1.40690115714451
271,0.05,1044,2,500000.0,1.40799052369918
272,0.05,1046,2,500000.0,1.40884523113251
273,0.05,1048,2,500000.0,1.40993166845321
274,0.05,1050,2,500000.0,1.41079503857806
275,0.05,1052,2,500000.0,1.41165075360548
276,0.05,1054,2,500000.0,1.4127503589355
277,0.05,1056,2,500000.0,1.41360767287236
278,0.05,1058,2,500000.0,1.41459744470657
279,0.05,1060,2,500000.0,1.4155721082738
280,0.05,1062,2,500000.0,1.41643111237549
281,0.05,1064,2,500000.0,1.41754270316262
282,0.05,1066,2,500000.0,1.41840300891481
283,0.05,1068,2,500000.0,1.41926341830284
284,0.05,1070,2,500000.0,1.42038073524617
285,0.05,1072,2,500000.0,1.42124346131435
286,0.05,1074,2,500000.0,1.42225871849266
287,0.05,1076,2,500000.0,1.42323023053009
288,0.05,1078,2,500000.0,1.42409390255334
289,0.05,1080,2,500000.0,1.42522230999383
290,0.05,1082,2,500000.0,1.42608801864174
291,0.05,1084,2,500000.0,1.42695357121555
292,0.05,1086,2,500000.0,1.42808959195544
293,0.05,1088,2,500000.0,1.42895576997403
294,0.05,1090,2,500000.0,1.4298542301886
295,0.05,1092,2,500000.0,1.43046370146932
296,0.05,1094,2,500000.0,1.43133062975146
297,0.05,1096,2,500000.0,1.43235160782337
298,0.05,1098,2,500000.0,1.43334420882694
299,0.05,1100,2,500000.0,1.43421228863291
300,0.05,1102,2,500000.0,1.43534393733411
301,0.05,1104,2,500000.0,1.43623651060153
302,0.05,1106,2,500000.0,1.43710675988374
303,0.05,1108,2,500000.0,1.43826584558474
304,0.05,1110,2,500000.0,1.43913732984838
305,0.05,1112,2,500000.0,1.4400107973697
306,0.05,1114,2,500000.0,1.44117660858237
307,0.05,1116,2,500000.0,1.44205115588889
308,0.05,1118,2,500000.0,1.44292497813681
309,0.05,1120,2,500000.0,1.44409865044327
310,0.05,1122,2,500000.0,1.44497470086693
311,0.05,1124,2,500000.0,1.44584992211973
312,0.05,1126,2,500000.0,1.44703129214889
313,0.05,1128,2,500000.0,1.44790993423811
314,0.05,1130,2,500000.0,1.44878765070246
315,0.05,1132,2,500000.0,1.44997656113508
316,0.05,1134,2,500000.0,1.45085619837007
317,0.05,1136,2,500000.0,1.45173617503807
318,0.05,1138,2,500000.0,1.45293245546904
319,0.05,1140,2,500000.0,1.45381420065885
320,0.05,1142,2,500000.0,1.45469620088515
321,0.05,1144,2,500000.0,1.455899680618
322,0.05,1146,2,500000.0,1.45678329258985
323,0.05,1148,2,500000.0,1.45766707298689
324,0.05,1150,2,500000.0,1.45887898904736
325,0.05,1152,2,500000.0,1.45976422504962
326,0.05,1154,2,500000.0,1.4606509656109
327,0.05,1156,2,500000.0,1.46187118148225
328,0.05,1158,2,500000.0,1.46276641926811
329,0.05,1160,2,500000.0,1.46375114566509
330,0.05,1162,2,500000.0,1.46474671629238
331,0.05,1164,2,500000.0,1.46574158875061
332,0.05,1166,2,500000.0,1.46673863640263
333,0.05,1168,2,500000.0,1.46773784697341
334,0.05,1170,2,500000.0,1.46873626454312
335,0.05,1172,2,500000.0,1.46973531897488
336,0.05,1174,2,500000.0,1.47073646321198
337,0.05,1176,2,500000.0,1.47173670547976
338,0.05,1178,2,500000.0,1.47273898751857
339,0.05,1180,2,500000.0,1.47374179461199
340,0.05,1182,2,500000.0,1.47474509520611
341,0.05,1184,2,500000.0,1.47575037044348
342,0.05,1186,2,500000.0,1.47675608714604
343,0.05,1188,2,500000.0,1.47776221296867
344,0.05,1190,2,500000.0,1.47877024617299
345,0.05,1192,2,500000.0,1.47977863496802
346,0.05,1194,2,500000.0,1.48078734621102
347,0.05,1196,2,500000.0,1.48179634647912
348,0.05,1198,2,500000.0,1.4828071570477
349,0.05,1200,2,500000.0,1.48319437300648
350,0.05,1202,2,500000.0,1.48420475439885
351,0.05,1204,2,500000.0,1.48521530770648
352,0.05,1206,2,500000.0,1.48622757457007
353,0.05,1208,2,500000.0,1.48723995589556
354,0.05,1210,2,500000.0,1.48825400503234
355,0.05,1212,2,500000.0,1.48926811018473
356,0.05,1214,2,500000.0,1.49028223560492
357,0.05,1216,2,500000.0,1.4912979522915
358,0.05,1218,2,500000.0,1.49231524247742
359,0.05,1220,2,500000.0,1.49333246877473
360,0.05,1222,2,500000.0,1.49435122001166
361,0.05,1224,2,500000.0,1.49536984590391
362,0.05,1226,2,500000.0,1.49639158535862
363,0.05,1228,2,500000.0,1.49741314953109
364,0.05,1230,2,500000.0,1.49843450056669
365,0.05,1232,2,500000.0,1.49945725730592
366,0.05,1234,2,500000.0,1.50047973695248
367,0.05,1236,2,500000.0,1.50150524007057
368,0.05,1238,2,500000.0,1.50253041380156
369,0.05,1240,2,500000.0,1.50355521895399
370,0.05,1242,2,500000.0,1.50458299346498
371,0.05,1244,2,500000.0,1.50561034569257
372,0.05,1246,2,500000.0,1.50664063868267
373,0.05,1248,2,500000.0,1.50767045479915
374,0.05,1250,2,500000.0,1.50870146793132
375,0.05,1252,2,500000.0,1.5097319357879
376,0.05,1254,2,500000.0,1.51076527197642
377,0.05,1256,2,500000.0,1.51179800642081
378,0.05,1258,2,500000.0,1.51283183788022
379,0.05,1260,2,500000.0,1.5138667440428
380,0.05,1262,2,500000.0,1.51490270238743
381,0.05,1264,2,500000.0,1.51593969018288
382,0.05,1266,2,500000.0,1.51697768448707
383,0.05,1268,2,500000.0,1.51801666214643
384,0.05,1270,2,500000.0,1.51905659979505
385,0.05,1272,2,500000.0,1.52009568747829
386,0.05,1274,2,500000.0,1.52113746751033
387,0.05,1276,2,500000.0,1.52218013613689
388,0.05,1278,2,500000.0,1.52322186278456
389,0.05,1280,2,500000.0,1.52426622902487
390,0.05,1282,2,500000.0,1.52531141053088
391,0.05,1284,2,500000.0,1.5263117233302
392,0.05,1286,2,500000.0,1.52730880463685
393,0.05,1288,2,500000.0,1.52830626747888
394,0.05,1290,2,500000.0,1.52930408515429
395,0.05,1292,2,500000.0,1.53030223075496
396,0.05,1294,2,500000.0,1.53129881834037
397,0.05,1296,2,500000.0,1.532297531686
398,0.05,1298,2,500000.0,1.53329649098086
399,0.05,1300,2,500000.0,1.53429754702107
400,0.05,1302,2,500000.0,1.53529692139643
401,0.05,1304,2,500000.0,1.53629834964715
402,0.05,1306,2,500000.0,1.53729992492241
403,0.05,1308,2,500000.0,1.5383035237109
404,0.05,1310,2,500000.0,1.53930531389456
405,0.05,1312,2,500000.0,1.54030908324773
406,0.05,1314,2,500000.0,1.54208371439964
407,0.05,1316,2,500000.0,1.54309022742337
408,0.05,1318,2,500000.0,1.54409867372624
409,0.05,1320,2,500000.0,1.5451051452317
410,0.05,1322,2,500000.0,1.54611350370685
411,0.05,1324,2,500000.0,1.54712373924501
412,0.05,1326,2,500000.0,1.54813190264418
413,0.05,1328,2,500000.0,1.54914387208222
414,0.05,1330,2,500000.0,1.55015370800875
415,0.05,1332,2,500000.0,1.55116533905378
416,0.05,1334,2,500000.0,1.5521767576442
417,0.05,1336,2,500000.0,1.55318993615132
418,0.05,1338,2,500000.0,1.55420084231418
419,0.05,1340,2,500000.0,1.55521345874571
420,0.05,1342,2,500000.0,1.55622777412061
421,0.05,1344,2,500000.0,1.5572417456313
422,0.05,1346,2,500000.0,1.55825737918479
423,0.05,1348,2,500000.0,1.55927261778023
424,0.05,1350,2,500000.0,1.56028948085293
425,0.05,1352,2,500000.0,1.56130589714653
426,0.05,1354,2,500000.0,1.56314920192325
427,0.05,1356,2,500000.0,1.56416950654452
428,0.05,1358,2,500000.0,1.56519136657115
429,0.05,1360,2,500000.0,1.56621058572968
430,0.05,1362,2,500000.0,1.5672334053583
431,0.05,1364,2,500000.0,1.56825562177366
432,0.05,1366,2,500000.0,1.56927720053429
433,0.05,1368,2,500000.0,1.57030022715821
434,0.05,1370,2,500000.0,1.57132468816069
435,0.05,1372,2,500000.0,1.57234843546247
436,0.05,1374,2,500000.0,1.57337571707852
437,0.05,1376,2,500000.0,1.57440009418299
438,0.05,1378,2,500000.0,1.57542797761448
439,0.05,1380,2,500000.0,1.57645288509541
440,0.05,1382,2,500000.0,1.5774790998375
441,0.05,1384,2,500000.0,1.57850660727466
442,0.05,1386,2,500000.0,1.57953539270924
443,0.05,1388,2,500000.0,1.58056324910895
444,0.05,1390,2,500000.0,1.58247310910813
445,0.05,1392,2,500000.0,1.58350413155677
446,0.05,1394,2,500000.0,1.58453856906118
447,0.05,1396,2,500000.0,1.58557197542434
448,0.05,1398,2,500000.0,1.58660654670593
449,0.05,1400,2,500000.0,1.58764002600254
450,0.05,1402,2,500000.0,1.58867462374292
451,0.05,1404,2,500000.0,1.58971032383046
452,0.05,1406,2,500000.0,1.59074484667151
453,0.05,1408,2,500000.0,1.59178269516596
454,0.05,1410,2,500000.0,1.59281931861216
455,0.05,1412,2,500000.0,1.59385696366851
456,0.05,1414,2,500000.0,1.59489332028164
457,0.05,1416,2,500000.0,1.59593295038997
458,0.05,1418,2,500000.0,1.59697124291797
459,0.05,1420,2,500000.0,1.59801278952994
460,0.05,1422,2,500000.0,1.59905294879362
461,0.05,1424,2,500000.0,1.60009401134903
462,0.05,1426,2,500000.0,1.60113362100295
463,0.05,1428,2,500000.0,1.60217408315186
464,0.05,1430,2,500000.0,1.60415791703261
465,0.05,1432,2,500000.0,1.60520308304591
466,0.05,1434,2,500000.0,1.6062490536883
467,0.05,1436,2,500000.0,1.60729581042874
468,0.05,1438,2,500000.0,1.60834333459219
469,0.05,1440,2,500000.0,1.6093916073593
470,0.05,1442,2,500000.0,1.61044060976595
471,0.05,1444,2,500000.0,1.61148790978604
472,0.05,1446,2,500000.0,1.61253830623567
473,0.05,1448,2,500000.0,1.61358694609894
474,0.05,1450,2,500000.0,1.61463622269755
475,0.05,1452,2,500000.0,1.61568611629009
476,0.05,1454,2,500000.0,1.61673660698881
477,0.05,1456,2,500000.0,1.61778767475916
478,0.05,1458,2,500000.0,1.61883929941956
479,0.05,1460,2,500000.0,1.61989146064109
480,0.05,1462,2,500000.0,1.62094413794722
481,0.05,1464,2,500000.0,1.62199731071351
482,0.05,1466,2,500000.0,1.6230534572135
483,0.05,1468,2,500000.0,1.62511154282261
484,0.05,1470,2,500000.0,1.6261692650852
485,0.05,1472,2,500000.0,1.62722740485192
486,0.05,1474,2,500000.0,1.62828594070926
487,0.05,1476,2,500000.0,1.62934485109385
488,0.05,1478,2,500000.0,1.630404114292
489,0.05,1480,2,500000.0,1.63146370843972
490,0.05,1482,2,500000.0,1.63252361152239
491,0.05,1484,2,500000.0,1.63358637842757
492,0.05,1486,2,500000.0,1.63464684081556
493,0.05,1488,2,500000.0,1.63571013845086
494,0.05,1490,2,500000.0,1.63677367170429
495,0.05,1492,2,500000.0,1.63783741784768
496,0.05,1494,2,500000.0,1.63890135400087
497,0.05,1496,2,500000.0,1.63996545713164
498,0.05,1498,2,500000.0,1.64102970405558
499,0.05,1500,2,500000.0,1.642094071436
500,0.05,1502,2,500000.0,1.64315853578386
501,0.05,1504,2,500000.0,1.6452904916716
502,0.05,1506,2,500000.0,1.64636106025239
503,0.05,1508,2,500000.0,1.64743167618473
504,0.05,1510,2,500000.0,1.64850231535038
505,0.05,1512,2,500000.0,1.64957565182227
506,0.05,1514,2,500000.0,1.65064897951052
507,0.05,1516,2,500000.0,1.65172227387316
508,0.05,1518,2,500000.0,1.65279551021382
509,0.05,1520,2,500000.0,1.65386866368164
510,0.05,1522,2,500000.0,1.65494170927134
511,0.05,1524,2,500000.0,1.65601737046599
512,0.05,1526,2,500000.0,1.65709289017178
513,0.05,1528,2,500000.0,1.65817100850774
514,0.05,1530,2,500000.0,1.65924617724698
515,0.05,1532,2,500000.0,1.66032391025481
516,0.05,1534,2,500000.0,1.66140141611748
517,0.05,1536,2,500000.0,1.66248146836303
518,0.05,1538,2,500000.0,1.66356125834534
519,0.05,1540,2,500000.0,1.66576883018961
520,0.05,1542,2,500000.0,1.6668514497279
521,0.05,1544,2,500000.0,1.66793373203937
522,0.05,1546,2,500000.0,1.6690184998339
523,0.05,1548,2,500000.0,1.67010289386714
524,0.05,1550,2,500000.0,1.67118688703001
525,0.05,1552,2,500000.0,1.67227332759446
526,0.05,1554,2,500000.0,1.67335932998223
527,0.05,1556,2,500000.0,1.67444486664753
528,0.05,1558,2,500000.0,1.67553281157109
529,0.05,1560,2,500000.0,1.67662025268967
530,0.05,1562,2,500000.0,1.67771008122563
531,0.05,1564,2,500000.0,1.67879936738647
532,0.05,1566,2,500000.0,1.67989101971152
533,0.05,1568,2,500000.0,1.68097914497167
534,0.05,1570,2,500000.0,1.6820695970425
535,0.05,1572,2,500000.0,1.68315941041203
536,0.05,1574,2,500000.0,1.68425152837438
537,0.05,1576,2,500000.0,1.68534296749524
538,0.05,1578,2,500000.0,1.68763420793944
539,0.05,1580,2,500000.0,1.68872777614473
540,0.05,1582,2,500000.0,1.68982661204537
541,0.05,1584,2,500000.0,1.69092469073647
542,0.05,1586,2,500000.0,1.69202198241605
543,0.05,1588,2,500000.0,1.69312149967812
544,0.05,1590,2,500000.0,1.69422018789828
545,0.05,1592,2,500000.0,1.69532107747228
546,0.05,1594,2,500000.0,1.69642109546972
547,0.05,1596,2,500000.0,1.69752021135639
548,0.05,1598,2,500000.0,1.6986214823262
549,0.05,1600,2,500000.0,1.69972180784833
550,0.05,1602,2,500000.0,1.70082426307364
551,0.05,1604,2,500000.0,1.70192572900666
552,0.05,1606,2,500000.0,1.70302929882373
553,0.05,1608,2,500000.0,1.70413183499473
554,0.05,1610,2,500000.0,1.70523644878924
555,0.05,1612,2,500000.0,1.70760246617569
556,0.05,1614,2,500000.0,1.70871175498269
557,0.05,1616,2,500000.0,1.70982310133047
558,0.05,1618,2,500000.0,1.71093331264808
559,0.05,1620,2,500000.0,1.7120423565671
560,0.05,1622,2,500000.0,1.713153407462
561,0.05,1624,2,500000.0,1.71426324443028
562,0.05,1626,2,500000.0,1.71537506027559
563,0.05,1628,2,500000.0,1.71648561514854
564,0.05,1630,2,500000.0,1.71759812034631
565,0.05,1632,2,500000.0,1.71871257084265
566,0.05,1634,2,500000.0,1.71982569825891
567,0.05,1636,2,500000.0,1.72094074179651
568,0.05,1638,2,500000.0,1.72205441394641
569,0.05,1640,2,500000.0,1.72316997258232
570,0.05,1642,2,500000.0,1.72428741222392
571,0.05,1644,2,500000.0,1.7254034165603
572,0.05,1646,2,500000.0,1.72784786302655
573,0.05,1648,2,500000.0,1.72896805375016
574,0.05,1650,2,500000.0,1.73009007495967
575,0.05,1652,2,500000.0,1.73121056259185
576,0.05,1654,2,500000.0,1.7323328494487
577,0.05,1656,2,500000.0,1.73345355195881
578,0.05,1658,2,500000.0,1.73457602196547
579,0.05,1660,2,500000.0,1.73570025312257
580,0.05,1662,2,500000.0,1.73682623902021
581,0.05,1664,2,500000.0,1.73795055690221
582,0.05,1666,2,500000.0,1.7390765969679
583,0.05,1668,2,500000.0,1.74020435253577
584,0.05,1670,2,500000.0,1.74133037124227
585,0.05,1672,2,500000.0,1.74245461683311
586,0.05,1674,2,500000.0,1.74358051810431
587,0.05,1676,2,500000.0,1.74470806795702
588,0.05,1678,2,500000.0,1.74583725922556
589,0.05,1680,2,500000.0,1.74696458987926
590,0.05,1682,2,500000.0,1.74809352760542
591,0.05,1684,2,500000.0,1.74922406495991
592,0.05,1686,2,500000.0,1.75176443815605
593,0.05,1688,2,500000.0,1.75289859354994
594,0.05,1690,2,500000.0,1.75403431588114
595,0.05,1692,2,500000.0,1.75517159735242
596,0.05,1694,2,500000.0,1.75630685568602
597,0.05,1696,2,500000.0,1.75744363720894
598,0.05,1698,2,500000.0,1.75858193383823
599,0.05,1700,2,500000.0,1.75971452816092
600,0.05,1702,2,500000.0,1.76085219547323
601,0.05,1704,2,500000.0,1.76199133287253
602,0.05,1706,2,500000.0,1.7631282969213
603,0.05,1708,2,500000.0,1.76426669375802
604,0.05,1710,2,500000.0,1.76540651472192
605,0.05,1712,2,500000.0,1.7665440855632
606,0.05,1714,2,500000.0,1.76768671827679
607,0.05,1716,2,500000.0,1.76882706269645
608,0.05,1718,2,500000.0,1.76996877531212
609,0.05,1720,2,500000.0,1.77259284131932
610,0.05,1722,2,500000.0,1.77374138198766
611,0.05,1724,2,500000.0,1.77488753521596
612,0.05,1726,2,500000.0,1.7760350086535
613,0.05,1728,2,500000.0,1.77718003434402
614,0.05,1730,2,500000.0,1.77833010926413
615,0.05,1732,2,500000.0,1.77947769639619
616,0.05,1734,2,500000.0,1.78062275472535
617,0.05,1736,2,500000.0,1.78177284335096
618,0.05,1738,2,500000.0,1.7829241730651
619,0.05,1740,2,500000.0,1.7840729127297
620,0.05,1742,2,500000.0,1.78522668397861
621,0.05,1744,2,500000.0,1.78637782384419
622,0.05,1746,2,500000.0,1.78753014313729
623,0.05,1748,2,500000.0,1.78867976819407
624,0.05,1750,2,500000.0,1.78983440448888
625,0.05,1752,2,500000.0,1.79099018877146
626,0.05,1754,2,500000.0,1.79214321531887
627,0.05,1756,2,500000.0,1.79485799913256
628,0.05,1758,2,500000.0,1.79601748694475
629,0.05,1760,2,500000.0,1.79717806739436
630,0.05,1762,2,500000.0,1.79833578017
631,0.05,1764,2,500000.0,1.79949454191591
632,0.05,1766,2,500000.0,1.8006543413666
633,0.05,1768,2,500000.0,1.80181516717552
634,0.05,1770,2,500000.0,1.80297700791476
635,0.05,1772,2,500000.0,1.8041398520748
636,0.05,1774,2,500000.0,1.80530368806424
637,0.05,1776,2,500000.0,1.80646850420952
638,0.05,1778,2,500000.0,1.80763428875468
639,0.05,1780,2,500000.0,1.80879698312742
640,0.05,1782,2,500000.0,1.80996060028449
641,0.05,1784,2,500000.0,1.81112512815564
642,0.05,1786,2,500000.0,1.81229055458748
643,0.05,1788,2,500000.0,1.81345686734323
644,0.05,1790,2,500000.0,1.81626299505276
645,0.05,1792,2,500000.0,1.81743545042217
646,0.05,1794,2,500000.0,1.81860462757994
647,0.05,1796,2,500000.0,1.81977877461054
648,0.05,1798,2,500000.0,1.82094959590876
649,0.05,1800,2,500000.0,1.82212538377739
650,0.05,1802,2,500000.0,1.82329779796716
651,0.05,1804,2,500000.0,1.82447098358789
652,0.05,1806,2,500000.0,1.82564913031762
653,0.05,1808,2,500000.0,1.82682383065328
654,0.05,1810,2,500000.0,1.82799926291382
655,0.05,1812,2,500000.0,1.82917541375128
656,0.05,1814,2,500000.0,1.83034802200767
657,0.05,1816,2,500000.0,1.8315255583186
658,0.05,1818,2,500000.0,1.83269950233006
659,0.05,1820,2,500000.0,1.83387836960085
660,0.05,1822,2,500000.0,1.8350535944249
661,0.05,1824,2,500000.0,1.83795809373492
662,0.05,1826,2,500000.0,1.83914342642719
663,0.05,1828,2,500000.0,1.84032503538016
664,0.05,1830,2,500000.0,1.84151157571023
665,0.05,1832,2,500000.0,1.84269434090229
666,0.05,1834,2,500000.0,1.84388203176379
667,0.05,1836,2,500000.0,1.84506589565446
668,0.05,1838,2,500000.0,1.84625467923074
669,0.05,1840,2,500000.0,1.84743958356864
670,0.05,1842,2,500000.0,1.84862940133004
671,0.05,1844,2,500000.0,1.84981528715021
672,0.05,1846,2,500000.0,1.85100163557289
673,0.05,1848,2,500000.0,1.85218843156914
674,0.05,1850,2,500000.0,1.85337566002035
675,0.05,1852,2,500000.0,1.85456330571802
676,0.05,1854,2,500000.0,1.85575584425622
677,0.05,1856,2,500000.0,1.8569442901614
678,0.05,1858,2,500000.0,1.8599416691501
679,0.05,1860,2,500000.0,1.86114008778218
680,0.05,1862,2,500000.0,1.86233432512373
681,0.05,1864,2,500000.0,1.86353345786491
682,0.05,1866,2,500000.0,1.86473292987397
683,0.05,1868,2,500000.0,1.86592813746768
684,0.05,1870,2,500000.0,1.86712822823299
685,0.05,1872,2,500000.0,1.86832399862256
686,0.05,1874,2,500000.0,1.86952002014486
687,0.05,1876,2,500000.0,1.87072091189329
688,0.05,1878,2,500000.0,1.87191739851127
689,0.05,1880,2,500000.0,1.87311874637202
690,0.05,1882,2,500000.0,1.87432030347042
691,0.05,1884,2,500000.0,1.87552205314643
692,0.05,1886,2,500000.0,1.87671928311662
693,0.05,1888,2,500000.0,1.87792135551894
694,0.05,1890,2,500000.0,1.87912356994548
695,0.05,1892,2,500000.0,1.882221662924
696,0.05,1894,2,500000.0,1.88342897324639
697,0.05,1896,2,500000.0,1.88463638090579
698,0.05,1898,2,500000.0,1.88584865215116
699,0.05,1900,2,500000.0,1.88705621453883
700,0.05,1902,2,500000.0,1.88826382191019
701,0.05,1904,2,500000.0,1.88947145662132
702,0.05,1908,2,500000.0,1.89189158201575
703,0.05,1912,2,500000.0,1.89431652176622
704,0.05,1916,2,500000.0,1.8967364168334
705,0.05,1920,2,500000.0,1.89916580511888
706,0.05,1924,2,500000.0,1.90357578030329
707,0.05,1928,2,500000.0,1.90601426506034
708,0.05,1932,2,500000.0,1.90845709283376
709,0.05,1936,2,500000.0,1.91089411501287
710,0.05,1940,2,500000.0,1.9133402868826
711,0.05,1944,2,500000.0,1.91578543191461
712,0.05,1948,2,500000.0,1.91822939385235
713,0.05,1952,2,500000.0,1.92068229126587
714,0.05,1956,2,500000.0,1.92520281678976
715,0.05,1960,2,500000.0,1.92766308819518
716,0.05,1964,2,500000.0,1.93012689329961
717,0.05,1968,2,500000.0,1.93258888691182
718,0.05,1972,2,500000.0,1.93505418872902
719,0.05,1976,2,500000.0,1.93752271021902
720,0.05,1980,2,500000.0,1.93999436174058
721,0.05,1984,2,500000.0,1.94246368835283
722,0.05,1988,2,500000.0,1.9470958399254
723,0.05,1992,2,500000.0,1.94958694410842
724,0.05,1996,2,500000.0,1.95206991987096
725,0.05,2000,2,500000.0,1.95455548934364
726,0.05,2004,2,500000.0,1.95704355532571
727,0.05,2008,2,500000.0,1.95953401946919
728,0.05,2012,2,500000.0,1.96202678227401
729,0.05,2016,2,500000.0,1.96452174308398
730,0.05,2020,2,500000.0,1.96926697564054
731,0.05,2024,2,500000.0,1.97177696436513
732,0.05,2028,2,500000.0,1.97428887622666
733,0.05,2032,2,500000.0,1.97679687857807
734,0.05,2036,2,500000.0,1.97930653618638
735,0.05,2040,2,500000.0,1.98181774079886
736,0.05,2044,2,500000.0,1.98433038297522
737,0.05,2048,2,500000.0,1.98684435208453
738,0.05,2052,2,500000.0,1.99171610403242
739,0.05,2056,2,500000.0,1.99424960220818
740,0.05,2060,2,500000.0,1.99677823265283
741,0.05,2064,2,500000.0,1.99930776680493
742,0.05,2068,2,500000.0,2.00184408840046
743,0.05,2072,2,500000.0,2.0043751062766
744,0.05,2076,2,500000.0,2.0069127312489
745,0.05,2080,2,500000.0,2.00945084213495
746,0.05,2084,2,500000.0,2.01444614549323
747,0.05,2088,2,500000.0,2.01699648624426
748,0.05,2092,2,500000.0,2.01955316934847
749,0.05,2096,2,500000.0,2.02210370595017
750,0.05,2100,2,500000.0,2.02466039073176
751,0.05,2104,2,500000.0,2.02721689950583
752,0.05,2108,2,500000.0,2.02977310298733
753,0.05,2112,2,500000.0,2.03233521383596
754,0.05,2116,2,500000.0,2.03745069602055
755,0.05,2120,2,500000.0,2.04003001214845
756,0.05,2124,2,500000.0,2.04260218266353
757,0.05,2128,2,500000.0,2.04517995483563
758,0.05,2132,2,500000.0,2.04775676532043
759,0.05,2136,2,500000.0,2.0503324759798
760,0.05,2140,2,500000.0,2.05291352466854
761,0.05,2144,2,500000.0,2.05814131396956
762,0.05,2148,2,500000.0,2.06073846590942
763,0.05,2152,2,500000.0,2.0633407928715
764,0.05,2156,2,500000.0,2.06593479278044
765,0.05,2160,2,500000.0,2.0685337389747
766,0.05,2164,2,500000.0,2.07113757726197
767,0.05,2168,2,500000.0,2.07373261653831
768,0.05,2172,2,500000.0,2.07633916158625
769,0.05,2176,2,500000.0,2.08169409330203
770,0.05,2180,2,500000.0,2.08431552800331
771,0.05,2184,2,500000.0,2.08693452270082
772,0.05,2188,2,500000.0,2.08955792453638
773,0.05,2192,2,500000.0,2.09217863907272
774,0.05,2196,2,500000.0,2.09479650912681
775,0.05,2200,2,500000.0,2.09741847379187
776,0.05,2204,2,500000.0,2.10289476177627
777,0.05,2208,2,500000.0,2.10553041825287
778,0.05,2212,2,500000.0,2.10816995675061
779,0.05,2216,2,500000.0,2.11081331072047
780,0.05,2220,2,500000.0,2.11345312535308
781,0.05,2224,2,500000.0,2.1160965544645
782,0.05,2228,2,500000.0,2.11873617584526
783,0.05,2232,2,500000.0,2.12433937210387
784,0.05,2236,2,500000.0,2.12699896312527
785,0.05,2240,2,500000.0,2.1296543824546
786,0.05,2244,2,500000.0,2.13231297181552
787,0.05,2248,2,500000.0,2.13497465690059
788,0.05,2252,2,500000.0,2.13763178087011
789,0.05,2256,2,500000.0,2.14029939748533
790,0.05,2260,2,500000.0,2.1429622327596
791,0.05,2264,2,500000.0,2.1487071089915
792,0.05,2268,2,500000.0,2.15138114921377
793,0.05,2272,2,500000.0,2.15405772683046
794,0.05,2276,2,500000.0,2.1567367606925
795,0.05,2280,2,500000.0,2.1594103182928
796,0.05,2284,2,500000.0,2.16209398331161
797,0.05,2288,2,500000.0,2.16477985579773
798,0.05,2292,2,500000.0,2.17064802790797
799,0.05,2296,2,500000.0,2.17335195265406
800,0.05,2300,2,500000.0,2.17604981157174
801,0.05,2304,2,500000.0,2.17874950360458
802,0.05,2308,2,500000.0,2.18145093996494
803,0.05,2312,2,500000.0,2.18414586892674
804,0.05,2316,2,500000.0,2.18684229136386
805,0.05,2320,2,500000.0,2.1928483402054
806,0.05,2324,2,500000.0,2.19556172859706
807,0.05,2328,2,500000.0,2.19828470873631
808,0.05,2332,2,500000.0,2.2010005440737
809,0.05,2336,2,500000.0,2.20371744188243
810,0.05,2340,2,500000.0,2.20643530549343
811,0.05,2344,2,500000.0,2.20915403731848
812,0.05,2348,2,500000.0,2.21528842041979
813,0.05,2352,2,500000.0,2.21802316024479
814,0.05,2356,2,500000.0,2.22074987667769
815,0.05,2360,2,500000.0,2.22348568846134
816,0.05,2364,2,500000.0,2.22623060311938
817,0.05,2368,2,500000.0,2.22896714981627
818,0.05,2372,2,500000.0,2.23170388934649
819,0.05,2376,2,500000.0,2.23797359782716
820,0.05,2380,2,500000.0,2.2407253093739
821,0.05,2384,2,500000.0,2.24347692736234
822,0.05,2388,2,500000.0,2.24623730693102
823,0.05,2392,2,500000.0,2.24898844836937
824,0.05,2396,2,500000.0,2.25173916737387
825,0.05,2400,2,500000.0,2.2544984294486
826,0.05,2404,2,500000.0,2.26091120634903
827,0.05,2408,2,500000.0,2.26368447911755
828,0.05,2412,2,500000.0,2.26645698408379
829,0.05,2416,2,500000.0,2.26922860560693
830,0.05,2420,2,500000.0,2.27199922708582
831,0.05,2424,2,500000.0,2.27476873095939
832,0.05,2428,2,500000.0,2.2775369987077
833,0.05,2432,2,500000.0,2.28409185084102
834,0.05,2436,2,500000.0,2.28687289725603
835,0.05,2440,2,500000.0,2.28966191893084
836,0.05,2444,2,500000.0,2.29244932567492
837,0.05,2448,2,500000.0,2.29524461834032
838,0.05,2452,2,500000.0,2.29802846261303
839,0.05,2456,2,500000.0,2.30082002163299
840,0.05,2460,2,500000.0,2.30751577788907
841,0.05,2464,2,500000.0,2.31031908561037
842,0.05,2468,2,500000.0,2.31312012555769
843,0.05,2472,2,500000.0,2.31592867596339
844,0.05,2476,2,500000.0,2.31873477825427
845,0.05,2480,2,500000.0,2.32153830073672
846,0.05,2484,2,500000.0,2.32433911074856
847,0.05,2488,2,500000.0,2.33118445554318
848,0.05,2492,2,500000.0,2.33400590282143
849,0.05,2496,2,500000.0,2.33683453482457
850,0.05,2500,2,500000.0,2.33964985814201
851,0.05,2504,2,500000.0,2.34246189244856
852,0.05,2508,2,500000.0,2.34528082079453
853,0.05,2512,2,500000.0,2.34810662711039
854,0.05,2516,2,500000.0,2.3550902614439
855,0.05,2520,2,500000.0,2.3579254608724
856,0.05,2524,2,500000.0,2.36076738777995
857,0.05,2528,2,500000.0,2.36360544399552
858,0.05,2532,2,500000.0,2.36643948438459
859,0.05,2536,2,500000.0,2.36926936284905
860,0.05,2540,2,500000.0,2.37639841623405
861,0.05,2544,2,500000.0,2.37924730232522
862,0.05,2548,2,500000.0,2.38210252419051
863,0.05,2552,2,500000.0,2.38494228792784
864,0.05,2556,2,500000.0,2.3877990993975
865,0.05,2560,2,500000.0,2.39065112043496
866,0.05,2564,2,500000.0,2.39349819773246
867,0.05,2568,2,500000.0,2.40078518439629
868,0.05,2572,2,500000.0,2.40365041126699
869,0.05,2576,2,500000.0,2.40651032556174
870,0.05,2580,2,500000.0,2.4093760120274
871,0.05,2584,2,500000.0,2.41223615654181
872,0.05,2588,2,500000.0,2.41509059938073
873,0.05,2592,2,500000.0,2.42252290574127
874,0.05,2596,2,500000.0,2.42539461924651
875,0.05,2600,2,500000.0,2.42827175984377
876,0.05,2604,2,500000.0,2.43115429658245
877,0.05,2608,2,500000.0,2.43403058945363
878,0.05,2612,2,500000.0,2.43691212562298
879,0.05,2616,2,500000.0,2.44447815484697
880,0.05,2620,2,500000.0,2.44737634034406
881,0.05,2624,2,500000.0,2.45025594734036
882,0.05,2628,2,500000.0,2.45315234707937
883,0.05,2632,2,500000.0,2.45604176396992
884,0.05,2636,2,500000.0,2.45892402542891
885,0.05,2640,2,500000.0,2.4618109871724
886,0.05,2644,2,500000.0,2.46954492233459
887,0.05,2648,2,500000.0,2.47244743039646
888,0.05,2652,2,500000.0,2.47535449343437
889,0.05,2656,2,500000.0,2.47825379676539
890,0.05,2660,2,500000.0,2.48115748291476
891,0.05,2664,2,500000.0,2.48405314299738
892,0.05,2668,2,500000.0,2.49193168849033
893,0.05,2672,2,500000.0,2.49484195475181
894,0.05,2676,2,500000.0,2.49775630929178
895,0.05,2680,2,500000.0,2.50067470859125
896,0.05,2684,2,500000.0,2.5035844413757
897,0.05,2688,2,500000.0,2.50649803561623
898,0.05,2692,2,500000.0,2.51452078647705
899,0.05,2696,2,500000.0,2.51744817183723
900,0.05,2700,2,500000.0,2.52037924302545
901,0.05,2704,2,500000.0,2.52330098007409
902,0.05,2708,2,500000.0,2.5262262113622
903,0.05,2712,2,500000.0,2.52914181933611
904,0.05,2716,2,500000.0,2.5373214113413
905,0.05,2720,2,500000.0,2.5402497527681
906,0.05,2724,2,500000.0,2.54319453521232
907,0.05,2728,2,500000.0,2.54612918787302
908,0.05,2732,2,500000.0,2.5490535119752
909,0.05,2736,2,500000.0,2.55199416924148
910,0.05,2740,2,500000.0,2.56033075568009
911,0.05,2744,2,500000.0,2.56326983892197
912,0.05,2748,2,500000.0,2.56621161692806
913,0.05,2752,2,500000.0,2.56915603392383
914,0.05,2756,2,500000.0,2.57208928266999
915,0.05,2760,2,500000.0,2.57502495755952
916,0.05,2764,2,500000.0,2.58351832424746
917,0.05,2768,2,500000.0,2.58647877671788
918,0.05,2772,2,500000.0,2.58942750532753
919,0.05,2776,2,500000.0,2.59237837643355
920,0.05,2780,2,500000.0,2.59533132960116
921,0.05,2784,2,500000.0,2.59828630386561
922,0.05,2788,2,500000.0,2.60122900795226
923,0.05,2792,2,500000.0,2.6041735077513
924,0.05,2796,2,500000.0,2.61285381996018
925,0.05,2800,2,500000.0,2.61580772474224
926,0.05,2804,2,500000.0,2.61876318045282
927,0.05,2808,2,500000.0,2.62170555682303
928,0.05,2812,2,500000.0,2.62466386660509
929,0.05,2816,2,500000.0,2.62760886167192
930,0.05,2820,2,500000.0,2.63055503993081
931,0.05,2824,2,500000.0,2.63942767310377
932,0.05,2828,2,500000.0,2.64239687339629
933,0.05,2832,2,500000.0,2.64535213786487
934,0.05,2836,2,500000.0,2.64830825167133
935,0.05,2840,2,500000.0,2.65126514424315
936,0.05,2844,2,500000.0,2.66027167081404
937,0.05,2848,2,500000.0,2.66325103355529
938,0.05,2852,2,500000.0,2.66621569387481
939,0.05,2856,2,500000.0,2.66918078172062
940,0.05,2860,2,500000.0,2.67213080713945
941,0.05,2864,2,500000.0,2.68130199746569
942,0.05,2868,2,500000.0,2.68427374650761
943,0.05,2872,2,500000.0,2.6872612232583
944,0.05,2876,2,500000.0,2.69023307219764
945,0.05,2880,2,500000.0,2.69318905394819
946,0.05,2884,2,500000.0,2.70251035854737
947,0.05,2888,2,500000.0,2.70548745723048
948,0.05,2892,2,500000.0,2.70846415644844
949,0.05,2896,2,500000.0,2.71144037566172
950,0.05,2900,2,500000.0,2.71439989459601
951,0.05,2904,2,500000.0,2.71737485505495
952,0.05,2908,2,500000.0,2.72686786225862
953,0.05,2912,2,500000.0,2.72984700959398
954,0.05,2916,2,500000.0,2.73282519049967
955,0.05,2920,2,500000.0,2.73580232028163
956,0.05,2924,2,500000.0,2.73877831368027
957,0.05,2928,2,500000.0,2.748421984424
958,0.05,2932,2,500000.0,2.75140106613925
959,0.05,2936,2,500000.0,2.75439550712333
960,0.05,2940,2,500000.0,2.7573716065909
961,0.05,2944,2,500000.0,2.76034605390359
962,0.05,2948,2,500000.0,2.76331875962254
963,0.05,2952,2,500000.0,2.77311697479512
964,0.05,2956,2,500000.0,2.77610856058014
965,0.05,2960,2,500000.0,2.77909816211502
966,0.05,2964,2,500000.0,2.78208568711257
967,0.05,2968,2,500000.0,2.78505365159448
968,0.05,2972,2,500000.0,2.79503739333281
969,0.05,2976,2,500000.0,2.79802350403656
970,0.05,2980,2,500000.0,2.80100707437405
971,0.05,2984,2,500000.0,2.80398800840157
972,0.05,2988,2,500000.0,2.80696620961505
973,0.05,2992,2,500000.0,2.80994158095144
974,0.05,2996,2,500000.0,2.82007907766899
975,0.05,3000,2,500000.0,2.8230717399512
976,0.05,3004,2,500000.0,2.82606129996239
977,0.05,3008,2,500000.0,2.82902946892546
978,0.05,3012,2,500000.0,2.83201246519725
979,0.05,3016,2,500000.0,2.84231908519533
980,0.05,3020,2,500000.0,2.84531874534409
981,0.05,3024,2,500000.0,2.8482962772106
982,0.05,3028,2,500000.0,2.85126999834091
983,0.05,3032,2,500000.0,2.8542398045626
984,0.05,3036,2,500000.0,2.85720559115993
985,0.05,3040,2,500000.0,2.86770173768729
986,0.05,3044,2,500000.0,2.8706640594172
987,0.05,3048,2,500000.0,2.87364095412516
988,0.05,3052,2,500000.0,2.87661341812625
989,0.05,3056,2,500000.0,2.88726023004366
990,0.05,3060,2,500000.0,2.89022832317146
991,0.05,3064,2,500000.0,2.89321092939294
992,0.05,3068,2,500000.0,2.89618867931402
993,0.05,3072,2,500000.0,2.89914196061305
994,0.05,3076,2,500000.0,2.90210960316637
995,0.05,3080,2,500000.0,2.91292685879421
996,0.05,3084,2,500000.0,2.91590837726039
997,0.05,3088,2,500000.0,2.91886461211307
998,0.05,3092,2,500000.0,2.92183513284692
999,0.05,3096,2,500000.0,2.92478001758178
1000,0.05,3100,2,500000.0,2.9357679455802
1001,0.05,3104,2,500000.0,2.93874577781205
1002,0.05,3108,2,500000.0,2.94169731066779
1003,0.05,3112,2,500000.0,2.94466298900199
1004,0.05,3116,2,500000.0,2.94762244369978
1005,0.05,3120,2,500000.0,2.95878167867816
1006,0.05,3124,2,500000.0,2.96175322702221
1007,0.05,3128,2,500000.0,2.96469743056675
1008,0.05,3132,2,500000.0,2.96763480292176
1009,0.05,3136,2,500000.0,2.97056522202192
1010,0.05,3140,2,500000.0,2.98191673850952
1011,0.05,3144,2,500000.0,2.98485800353287
1012,0.05,3148,2,500000.0,2.98779193831122
1013,0.05,3152,2,500000.0,2.99073969573525
1014,0.05,3156,2,500000.0,2.99365865755438
1015,0.05,3160,2,500000.0,3.0051821468545
1016,0.05,3164,2,500000.0,3.0081325199845
1017,0.05,3168,2,500000.0,3.01105337001569
1018,0.05,3172,2,500000.0,3.01398786021904
1019,0.05,3176,2,500000.0,3.01691424785678
1020,0.05,3180,2,500000.0,3.01981053489921
1021,0.05,3184,2,500000.0,3.02272026542502
1022,0.05,3188,2,500000.0,3.02562150431049
1023,0.05,3192,2,500000.0,3.03734626087253
1024,0.05,3196,2,500000.0,3.04025562707194
1025,0.05,3200,2,500000.0,3.04315608827919
1026,0.05,3204,2,500000.0,3.04604751156217
1027,0.05,3208,2,500000.0,3.04892976359553
1028,0.05,3212,2,500000.0,3.05180271066848
1029,0.05,3216,2,500000.0,3.06375935418538
1030,0.05,3220,2,500000.0,3.06663905610976
1031,0.05,3224,2,500000.0,3.06950902199431
1032,0.05,3228,2,500000.0,3.07239206499797
1033,0.05,3232,2,500000.0,3.08448043985814
1034,0.05,3236,2,500000.0,3.08734631071982
1035,0.05,3240,2,500000.0,3.09022517248545
1036,0.05,3244,2,500000.0,3.09307033611882
1037,0.05,3248,2,500000.0,3.10533686857014
1038,0.05,3252,2,500000.0,3.1082104572042
1039,0.05,3256,2,500000.0,3.11104952756299
1040,0.05,3260,2,500000.0,3.11390134523994
1041,0.05,3264,2,500000.0,3.12632353067444
1042,0.05,3268,2,500000.0,3.1291794013624
1043,0.05,3272,2,500000.0,3.13202387906333
1044,0.05,3276,2,500000.0,3.13488105754155
1045,0.05,3280,2,500000.0,3.13770238115753
1046,0.05,3284,2,500000.0,3.15029544430059
1047,0.05,3288,2,500000.0,3.15311937101995
1048,0.05,3292,2,500000.0,3.15593113039854
1049,0.05,3296,2,500000.0,3.15875532211423
1050,0.05,3300,2,500000.0,3.16156718411374
1051,0.05,3304,2,500000.0,3.17433014389054
1052,0.05,3308,2,500000.0,3.17714346891099
1053,0.05,3312,2,500000.0,3.17994396458739
1054,0.05,3316,2,500000.0,3.18273148061889
1055,0.05,3320,2,500000.0,3.19570105646374
1056,0.05,3324,2,500000.0,3.19848894253095
1057,0.05,3328,2,500000.0,3.2012633358969
1058,0.05,3332,2,500000.0,3.20404980437418
1059,0.05,3336,2,500000.0,3.21715043294896
1060,0.05,3340,2,500000.0,3.2199363218843
1061,0.05,3344,2,500000.0,3.22270817419622
1062,0.05,3348,2,500000.0,3.22546583463127
1063,0.05,3352,2,500000.0,3.22820914780804
1064,0.05,3356,2,500000.0,3.24150524056295
1065,0.05,3360,2,500000.0,3.24424633434687
1066,0.05,3364,2,500000.0,3.24697253990906
1067,0.05,3368,2,500000.0,3.24971042108563
1068,0.05,3372,2,500000.0,3.25243323400846
1069,0.05,3376,2,500000.0,3.26592464868579
1070,0.05,3380,2,500000.0,3.2686439348652
1071,0.05,3384,2,500000.0,3.27134759689392
1072,0.05,3388,2,500000.0,3.27403547479389
1073,0.05,3392,2,500000.0,3.27670740856774
1074,0.05,3396,2,500000.0,3.29036618371557
1075,0.05,3400,2,500000.0,3.29303273540859
1076,0.05,3404,2,500000.0,3.29571052213733
1077,0.05,3408,2,500000.0,3.29837176798369
1078,0.05,3412,2,500000.0,3.31218599453055
1079,0.05,3416,2,500000.0,3.31484076721916
1080,0.05,3420,2,500000.0,3.3175066557838
1081,0.05,3424,2,500000.0,3.33149485944385
1082,0.05,3428,2,500000.0,3.33415363927587
1083,0.05,3432,2,500000.0,3.33676616875194
1084,0.05,3436,2,500000.0,3.33938955053107
1085,0.05,3440,2,500000.0,3.34199501847168
1086,0.05,3444,2,500000.0,3.35617756517915
1087,0.05,3448,2,500000.0,3.35877394987885
1088,0.05,3452,2,500000.0,3.36135181204254
1089,0.05,3456,2,500000.0,3.36394029242988
1090,0.05,3460,2,500000.0,3.36648067507975
1091,0.05,3464,2,500000.0,3.38085646033685
1092,0.05,3468,2,500000.0,3.38341545368639
1093,0.05,3472,2,500000.0,3.38595510319115
1094,0.05,3476,2,500000.0,3.38847523968999
1095,0.05,3480,2,500000.0,3.4030358993495
1096,0.05,3484,2,500000.0,3.40557393942413
1097,0.05,3488,2,500000.0,3.40806163350019
1098,0.05,3492,2,500000.0,3.41055941146117
1099,0.05,3496,2,500000.0,3.42527476229752
1100,0.05,3500,2,500000.0,3.42778962844707
1101,0.05,3504,2,500000.0,3.43025294485365
1102,0.05,3508,2,500000.0,3.43269526011256
1103,0.05,3512,2,500000.0,3.44759560503871
1104,0.05,3516,2,500000.0,3.450022442743
1105,0.05,3520,2,500000.0,3.45245900553819
1106,0.05,3524,2,500000.0,3.46753898002341
1107,0.05,3528,2,500000.0,3.46995919067321
1108,0.05,3532,2,500000.0,3.47235720805989
1109,0.05,3536,2,500000.0,3.47476477788348
1110,0.05,3540,2,500000.0,3.47714994222949
1111,0.05,3544,2,500000.0,3.49238843434827
1112,0.05,3548,2,500000.0,3.49475526278848
1113,0.05,3552,2,500000.0,3.4971314644563
1114,0.05,3556,2,500000.0,3.49945201048734
1115,0.05,3560,2,500000.0,3.50178171544752
1116,0.05,3564,2,500000.0,3.51720839570066
1117,0.05,3568,2,500000.0,3.51951777807398
1118,0.05,3572,2,500000.0,3.52180316451671
1119,0.05,3576,2,500000.0,3.5240643801977
1120,0.05,3580,2,500000.0,3.53967455909756
1121,0.05,3584,2,500000.0,3.54191343874789
1122,0.05,3588,2,500000.0,3.54416106998752
1123,0.05,3592,2,500000.0,3.55991899214664
1124,0.05,3596,2,500000.0,3.56217722625713
1125,0.05,3600,2,500000.0,3.56437602059034
1126,0.05,3604,2,500000.0,3.58031652977732
1127,0.05,3608,2,500000.0,3.58252485099205
1128,0.05,3612,2,500000.0,3.58470712605549
1129,0.05,3616,2,500000.0,3.58686317822613
1130,0.05,3620,2,500000.0,3.60295263305225
1131,0.05,3624,2,500000.0,3.60508192616363
1132,0.05,3628,2,500000.0,3.60721944768807
1133,0.05,3632,2,500000.0,3.60932996871887
1134,0.05,3636,2,500000.0,3.62560190646296
1135,0.05,3640,2,500000.0,3.62768394658344
1136,0.05,3644,2,500000.0,3.62973824337172
1137,0.05,3648,2,500000.0,3.63180044515753
1138,0.05,3652,2,500000.0,3.6338346826993
1139,0.05,3656,2,500000.0,3.65028608558341
1140,0.05,3660,2,500000.0,3.65228949266039
1141,0.05,3664,2,500000.0,3.65426418403657
1142,0.05,3668,2,500000.0,3.65624645237704
1143,0.05,3672,2,500000.0,3.65819978485237
1144,0.05,3676,2,500000.0,3.67482730630873
1145,0.05,3680,2,500000.0,3.67674738856024
1146,0.05,3684,2,500000.0,3.67863777590497
1147,0.05,3688,2,500000.0,3.68049829642054
1148,0.05,3692,2,500000.0,3.69730310353362
1149,0.05,3696,2,500000.0,3.69916552933537
1150,0.05,3700,2,500000.0,3.70099744748659
1151,0.05,3704,2,500000.0,3.70279868708409
1152,0.05,3708,2,500000.0,3.71974177904936
1153,0.05,3712,2,500000.0,3.72154350436325
1154,0.05,3716,2,500000.0,3.72331390205457
1155,0.05,3720,2,500000.0,3.72505280252451
1156,0.05,3724,2,500000.0,3.72676003765611
1157,0.05,3728,2,500000.0,3.74386944840887
1158,0.05,3732,2,500000.0,3.74553639320653
1159,0.05,3736,2,500000.0,3.74720977948172
1160,0.05,3740,2,500000.0,3.74885067802124
1161,0.05,3744,2,500000.0,3.76613113770032
1162,0.05,3748,2,500000.0,3.76772968824266
1163,0.05,3752,2,500000.0,3.76933444995049
1164,0.05,3756,2,500000.0,3.78675512039779
1165,0.05,3760,2,500000.0,3.78831599234733
1166,0.05,3764,2,500000.0,3.78984292575042
1167,0.05,3768,2,500000.0,3.80748374492699
1168,0.05,3772,2,500000.0,3.80896477705197
1169,0.05,3776,2,500000.0,3.81045165225431
1170,0.05,3780,2,500000.0,3.82819160856547
1171,0.05,3784,2,500000.0,3.82963091039523
1172,0.05,3788,2,500000.0,3.84760564544651
1173,0.05,3792,2,500000.0,3.84899591798408
1174,0.05,3796,2,500000.0,3.85035013483648
1175,0.05,3800,2,500000.0,3.86846466705326
1176,0.05,3804,2,500000.0,3.86980974807317
1177,0.05,3808,2,500000.0,3.87111807691136
1178,0.05,3812,2,500000.0,3.87238949909084
1179,0.05,3816,2,500000.0,3.89062691066957
1180,0.05,3820,2,500000.0,3.89188744414466
1181,0.05,3824,2,500000.0,3.89311037057742
1182,0.05,3828,2,500000.0,3.89429553925884
1183,0.05,3832,2,500000.0,3.89544280174506
1184,0.05,3836,2,500000.0,3.91386771188368
1185,0.05,3840,2,500000.0,3.91495834337107
1186,0.05,3844,2,500000.0,3.91605376001527
1187,0.05,3848,2,500000.0,3.91711042477277
1188,0.05,3852,2,500000.0,3.93564964544362
1189,0.05,3856,2,500000.0,3.93664721150638
1190,0.05,3860,2,500000.0,3.93764934167081
1191,0.05,3864,2,500000.0,3.95631975717513
1192,0.05,3868,2,500000.0,3.95726094304263
1193,0.05,3872,2,500000.0,3.97612837267626
1194,0.05,3876,2,500000.0,3.97700686424883
1195,0.05,3880,2,500000.0,3.97784443345667
1196,0.05,3884,2,500000.0,3.99688735855574
1197,0.05,3888,2,500000.0,3.99770555179091
1198,0.05,3892,2,500000.0,3.99848210901706
1199,0.05,3896,2,500000.0,4.01765442203109
1200,0.05,3900,2,500000.0,4.01836387682479
1201,0.05,3904,2,500000.0,4.01907730685294
1202,0.05,3908,2,500000.0,4.01970180924205
1203,0.05,3912,2,500000.0,4.03902128104937
1204,0.05,3916,2,500000.0,4.03962247590018
1205,0.05,3920,2,500000.0,4.04018040196586
1206,0.05,3924,2,500000.0,4.04069494434804
1207,0.05,3928,2,500000.0,4.06015748988194
1208,0.05,3932,2,500000.0,4.06059906467501
1209,0.05,3936,2,500000.0,4.0610441522259
1210,0.05,3940,2,500000.0,4.06144504068815
1211,0.05,3944,2,500000.0,4.08099810505298
1212,0.05,3948,2,500000.0,4.08132330437169
1213,0.05,3952,2,500000.0,4.08165184092387
1214,0.05,3956,2,500000.0,4.10132238023408
1215,0.05,3960,2,500000.0,4.1015731454845
1216,0.05,3964,2,500000.0,4.12144208579147
1217,0.05,3968,2,500000.0,4.1216130639037
1218,0.05,3972,2,500000.0,4.14163220717085
1219,0.05,3976,2,500000.0,4.14177134419615
1220,0.05,3980,2,500000.0,4.14181347894905
1221,0.05,3984,2,500000.0,4.16199708672126
1222,0.05,3988,2,500000.0,4.16200523414098
1223,0.05,3992,2,500000.0,4.16196568156518
1224,0.05,3996,2,500000.0,4.18226138489476
1225,0.05,4000,2,500000.0,4.18213500302417
1226,0.05,4004,2,500000.0,4.18201145721676
1227,0.05,4008,2,500000.0,4.18183944788278
1228,0.05,4012,2,500000.0,4.18156759404698
1229,0.05,4016,2,500000.0,4.20194187461122
1230,0.05,4020,2,500000.0,4.20163096522017
1231,0.05,4024,2,500000.0,4.20132273654813
1232,0.05,4028,2,500000.0,4.20091330955041
1233,0.05,4032,2,500000.0,4.2213995174621
1234,0.05,4036,2,500000.0,4.22089625575483
1235,0.05,4040,2,500000.0,4.22039555750173
1236,0.05,4044,2,500000.0,4.24098013698919
1237,0.05,4048,2,500000.0,4.2403833394166
1238,0.05,4052,2,500000.0,4.26111048795061
1239,0.05,4056,2,500000.0,4.26046906476449
1240,0.05,4060,2,500000.0,4.28133904167396
1241,0.05,4064,2,500000.0,4.28059757400758
1242,0.05,4068,2,500000.0,4.30161000550157
1243,0.05,4072,2,500000.0,4.30076617119006
1244,0.05,4076,2,500000.0,4.32197620856376
1245,0.05,4080,2,500000.0,4.32108323347417
1246,0.05,4084,2,500000.0,4.32008157302564
1247,0.05,4088,2,500000.0,4.31902679905411
1248,0.05,4092,2,500000.0,4.34032786804654
1249,0.05,4096,2,500000.0,4.33916476461335
1250,0.05,4100,2,500000.0,4.33800413641743
1251,0.05,4104,2,500000.0,4.33678979683325
1252,0.05,4108,2,500000.0,4.35811743785672
1253,0.05,4112,2,500000.0,4.35679179301023
1254,0.05,4116,2,500000.0,4.3554118701023
1255,0.05,4120,2,500000.0,4.35397769725037
1256,0.05,4124,2,500000.0,4.37537958711301
1257,0.05,4128,2,500000.0,4.37383053728514
1258,0.05,4132,2,500000.0,4.37228408967147
1259,0.05,4136,2,500000.0,4.39375723050564
1260,0.05,4140,2,500000.0,4.39203553043678
1261,0.05,4144,2,500000.0,4.41363910621625
1262,0.05,4148,2,500000.0,4.43543861016647
1263,0.05,4152,2,500000.0,4.43358948330206
1264,0.05,4156,2,500000.0,4.45558014418304
1265,0.05,4160,2,500000.0,4.45360684264152
1266,0.05,4164,2,500000.0,4.47566848971519
1267,0.05,4168,2,500000.0,4.47362906152043
1268,0.05,4172,2,500000.0,4.47147157599129
1269,0.05,4176,2,500000.0,4.4693171924677
1270,0.05,4180,2,500000.0,4.49142648540093
1271,0.05,4184,2,500000.0,4.48908132611246
1272,0.05,4188,2,500000.0,4.48673948677113
1273,0.05,4192,2,500000.0,4.50889976569525
1274,0.05,4196,2,500000.0,4.50642524886978
1275,0.05,4200,2,500000.0,4.50389254298766
1276,0.05,4204,2,500000.0,4.50130177588821
1277,0.05,4208,2,500000.0,4.52343013851019
1278,0.05,4212,2,500000.0,4.52076551616421
1279,0.05,4216,2,500000.0,4.51798023073832
1280,0.05,4220,2,500000.0,4.54014619807071
1281,0.05,4224,2,500000.0,4.5372846856695
1282,0.05,4228,2,500000.0,4.5343016794367
1283,0.05,4232,2,500000.0,4.55656248420216
1284,0.05,4236,2,500000.0,4.55343742827534
1285,0.05,4240,2,500000.0,4.57580958938039
1286,0.05,4244,2,500000.0,4.59831418269737
1287,0.05,4248,2,500000.0,4.62108245587358
1288,0.05,4252,2,500000.0,4.61770170292979
1289,0.05,4256,2,500000.0,4.6141951946457
1290,0.05,4260,2,500000.0,4.63698373150229
1291,0.05,4264,2,500000.0,4.63339129161761
1292,0.05,4268,2,500000.0,4.62973840003644
1293,0.05,4272,2,500000.0,4.65247439747822
1294,0.05,4276,2,500000.0,4.64866729054377
1295,0.05,4280,2,500000.0,4.64479968964468
1296,0.05,4284,2,500000.0,4.66760885554509
1297,0.05,4288,2,500000.0,4.66358411735476
1298,0.05,4292,2,500000.0,4.65949889804303
1299,0.05,4296,2,500000.0,4.6822403967796
1300,0.05,4300,2,500000.0,4.67799535753017
1301,0.05,4304,2,500000.0,4.67368991056543
1302,0.05,4308,2,500000.0,4.69649143564309
1303,0.05,4312,2,500000.0,4.6920233544579
1304,0.05,4316,2,500000.0,4.68742687423804
1305,0.05,4320,2,500000.0,4.710213340025
1306,0.05,4324,2,500000.0,4.70551981281818
1307,0.05,4328,2,500000.0,4.72839227972777
1308,0.05,4332,2,500000.0,4.72346160468716
1309,0.05,4336,2,500000.0,4.77464856910558
1310,0.05,4340,2,500000.0,4.76956602764708
1311,0.05,4344,2,500000.0,4.79283895938506
1312,0.05,4348,2,500000.0,4.78758140127907
1313,0.05,4352,2,500000.0,4.81093442909701
1314,0.05,4356,2,500000.0,4.80549934607932
1315,0.05,4360,2,500000.0,4.7999312174742
1316,0.05,4364,2,500000.0,4.82331486509693
1317,0.05,4368,2,500000.0,4.81756611712114
1318,0.05,4372,2,500000.0,4.81175711211583
1319,0.05,4376,2,500000.0,4.83501779085518
1320,0.05,4380,2,500000.0,4.82902597469063
1321,0.05,4384,2,500000.0,4.82297444298826
1322,0.05,4388,2,500000.0,4.84617616817225
1323,0.05,4392,2,500000.0,4.83993959021045
1324,0.05,4396,2,500000.0,4.83364391025744
1325,0.05,4400,2,500000.0,4.85677861642049
1326,0.05,4404,2,500000.0,4.85022173801365
1327,0.05,4408,2,500000.0,4.84368064776121
1328,0.05,4412,2,500000.0,4.86666481825916
1329,0.05,4416,2,500000.0,4.85986029179908
1330,0.05,4420,2,500000.0,4.85299849190085
1331,0.05,4424,2,500000.0,4.87589665091799
1332,0.05,4428,2,500000.0,4.86884358821261
1333,0.05,4432,2,500000.0,4.89178457070992
1334,0.05,4436,2,500000.0,4.88446271742597
1335,0.05,4440,2,500000.0,4.90744265900453
1336,0.05,4444,2,500000.0,4.89992498371947
1337,0.05,4448,2,500000.0,4.92286395648357
1338,0.05,4452,2,500000.0,4.91514865176989
1339,0.05,4456,2,500000.0,4.93811886690595
1340,0.05,4460,2,500000.0,4.96126439299933
1341,0.05,4464,2,500000.0,4.95320215191164
1342,0.05,4468,2,500000.0,4.97629608638738
1343,0.05,4472,2,500000.0,4.96795154875368
1344,0.05,4476,2,500000.0,4.9910670670247
1345,0.05,4480,2,500000.0,4.98251654284578
1346,0.05,4484,2,500000.0,5.00557032968106
1347,0.05,4488,2,500000.0,5.02887569499113
1348,0.05,4492,2,500000.0,5.01987932815771
1349,0.05,4496,2,500000.0,5.04311620735308
1350,0.05,4500,2,500000.0,5.03390777967259
1351,0.05,4504,2,500000.0,5.05707063066783
1352,0.05,4508,2,500000.0,5.08048459169621
1353,0.05,4512,2,500000.0,5.07081435571299
1354,0.05,4516,2,500000.0,5.09414718585576
1355,0.05,4520,2,500000.0,5.1175645902781
1356,0.05,4524,2,500000.0,5.10750518689828
1357,0.05,4528,2,500000.0,5.13091679004605
1358,0.05,4532,2,500000.0,5.12055167733306
1359,0.05,4536,2,500000.0,5.1439527597377
1360,0.05,4540,2,500000.0,5.13327980426306
1361,0.05,4544,2,500000.0,5.12256271958479
1362,0.05,4548,2,500000.0,5.1456827864607
1363,0.05,4552,2,500000.0,5.13465771132958
1364,0.05,4556,2,500000.0,5.1576681275211
1365,0.05,4560,2,500000.0,5.14641906260942
1366,0.05,4564,2,500000.0,5.16931402954164
1367,0.05,4568,2,500000.0,5.15775437670854
1368,0.05,4572,2,500000.0,5.18061400122771
1369,0.05,4576,2,500000.0,5.16882861700551
1370,0.05,4580,2,500000.0,5.1915616530718
1371,0.05,4584,2,500000.0,5.17946323672948
1372,0.05,4588,2,500000.0,5.20206303432673
1373,0.05,4592,2,500000.0,5.18973800537264
1374,0.05,4596,2,500000.0,5.21228687976633
1375,0.05,4600,2,500000.0,5.19955920681184
1376,0.05,4604,2,500000.0,5.2219628589542
1377,0.05,4608,2,500000.0,5.2445047944312
1378,0.05,4612,2,500000.0,5.26709558118764
1379,0.05,4616,2,500000.0,5.25364767820562
1380,0.05,4620,2,500000.0,5.27607950618037
1381,0.05,4624,2,500000.0,5.29864562059142
1382,0.05,4628,2,500000.0,5.28466777707597
1383,0.05,4632,2,500000.0,5.307065191817
1384,0.05,4636,2,500000.0,5.29267211034668
1385,0.05,4640,2,500000.0,5.31489330159576
1386,0.05,4644,2,500000.0,5.30026856528107
1387,0.05,4648,2,500000.0,5.32230777806135
1388,0.05,4652,2,500000.0,5.30735999175864
1389,0.05,4656,2,500000.0,5.3293036223888
1390,0.05,4660,2,500000.0,5.31403296323338
1391,0.05,4664,2,500000.0,5.3356895043282
1392,0.05,4668,2,500000.0,5.32009738994355
1393,0.05,4672,2,500000.0,5.34164610881902
1394,0.05,4676,2,500000.0,5.32573311381934
1395,0.05,4680,2,500000.0,5.34698143587146
1396,0.05,4684,2,500000.0,5.36833588616502
1397,0.05,4688,2,500000.0,5.35178388415842
1398,0.05,4692,2,500000.0,5.37292020165274
1399,0.05,4696,2,500000.0,5.35604891573161
1400,0.05,4700,2,500000.0,5.37696098997247
1401,0.05,4704,2,500000.0,5.39777882122344
1402,0.05,4708,2,500000.0,5.41878793629179
1403,0.05,4712,2,500000.0,5.43969801215504
1404,0.05,4716,2,500000.0,5.46070101576382
1405,0.05,4720,2,500000.0,5.44237510050873
1406,0.05,4724,2,500000.0,5.46303008791717
1407,0.05,4728,2,500000.0,5.44428701211393
1408,0.05,4732,2,500000.0,5.46478379304458
1409,0.05,4736,2,500000.0,5.48516515738505
1410,0.05,4740,2,500000.0,5.46576162053198
1411,0.05,4744,2,500000.0,5.48587488919951
1412,0.05,4748,2,500000.0,5.46615866795355
1413,0.05,4752,2,500000.0,5.4859984391373
1414,0.05,4756,2,500000.0,5.50580877063675
1415,0.05,4760,2,500000.0,5.48533446395428
1416,0.05,4764,2,500000.0,5.50496050671994
1417,0.05,4768,2,500000.0,5.52444989124028
1418,0.05,4772,2,500000.0,5.50341748279167
1419,0.05,4776,2,500000.0,5.52251087964269
1420,0.05,4780,2,500000.0,5.50107846400201
1421,0.05,4784,2,500000.0,5.51987109109956
1422,0.05,4788,2,500000.0,5.53871563913792
1423,0.05,4792,2,500000.0,5.5165308472682
1424,0.05,4796,2,500000.0,5.53496272363446
1425,0.05,4800,2,500000.0,5.55323408549147
1426,0.05,4804,2,500000.0,5.57144347263523
1427,0.05,4808,2,500000.0,5.58969241095798
1428,0.05,4812,2,500000.0,5.60776990812506
1429,0.05,4816,2,500000.0,5.58384346440811
1430,0.05,4820,2,500000.0,5.60158436369854
1431,0.05,4824,2,500000.0,5.6192501420806
1432,0.05,4828,2,500000.0,5.63683783341559
1433,0.05,4832,2,500000.0,5.61178978301531
1434,0.05,4836,2,500000.0,5.62892041107954
1435,0.05,4840,2,500000.0,5.64596423520441
1436,0.05,4844,2,500000.0,5.66291825693059
1437,0.05,4848,2,500000.0,5.63675358463856
1438,0.05,4852,2,500000.0,5.65323565772375
1439,0.05,4856,2,500000.0,5.66961940354871
1440,0.05,4860,2,500000.0,5.68579300733066
1441,0.05,4864,2,500000.0,5.65852190342792
1442,0.05,4868,2,500000.0,5.67431809448433
1443,0.05,4872,2,500000.0,5.68989557119815
1444,0.05,4876,2,500000.0,5.6619115861617
1445,0.05,4880,2,500000.0,5.67699614247359
1446,0.05,4884,2,500000.0,5.69196178979214
1447,0.05,4888,2,500000.0,5.70680556443083
1448,0.05,4892,2,500000.0,5.72152449543742
1449,0.05,4896,2,500000.0,5.69197928332433
1450,0.05,4900,2,500000.0,5.70607918152316
1451,0.05,4904,2,500000.0,5.72004546624332
1452,0.05,4908,2,500000.0,5.73398651030738
1453,0.05,4912,2,500000.0,5.74756554844647
1454,0.05,4916,2,500000.0,5.7611135223361
1455,0.05,4920,2,500000.0,5.77440316264329
1456,0.05,4924,2,500000.0,5.78742980695119
1457,0.05,4928,2,500000.0,5.80041729773003
1458,0.05,4932,2,500000.0,5.81313487450946
1459,0.05,4936,2,500000.0,5.77981050647594
1460,0.05,4940,2,500000.0,5.79187090357445
1461,0.05,4944,2,500000.0,5.80365299179295
1462,0.05,4948,2,500000.0,5.81538260503669
1463,0.05,4952,2,500000.0,5.82671178404734
1464,0.05,4956,2,500000.0,5.83786696320222
1465,0.05,4960,2,500000.0,5.84884547963799
1466,0.05,4964,2,500000.0,5.81307296170735
1467,0.05,4968,2,500000.0,5.82338011312988
1468,0.05,4972,2,500000.0,5.83338829974334
1469,0.05,4976,2,500000.0,5.84309365791407
1470,0.05,4980,2,500000.0,5.85260940838092
1471,0.05,4984,2,500000.0,5.86181570793621
1472,0.05,4988,2,500000.0,5.87082676854724
1473,0.05,4992,2,500000.0,5.87940371745893
1474,0.05,4996,2,500000.0,5.8407075742844
1475,0.05,5000,2,500000.0,5.84872461721787
1476,0.05,5004,2,500000.0,5.85630405926947
1477,0.05,5008,2,500000.0,5.86355946844496
1478,0.05,5012,2,500000.0,5.87060594974379
1479,0.05,5016,2,500000.0,5.87732309837458
1480,0.05,5020,2,500000.0,5.88370805533401
1481,0.05,5024,2,500000.0,5.88975807021626
1482,0.05,5028,2,500000.0,5.89535113181971
1483,0.05,5032,2,500000.0,5.90072318353786
1484,0.05,5036,2,500000.0,5.95412489714671
1485,0.05,5040,2,500000.0,5.95890954426831
1486,0.05,5044,2,500000.0,5.96346383366816
1487,0.05,5048,2,500000.0,5.9675409677359
1488,0.05,5052,2,500000.0,5.97126119034715
1489,0.05,5056,2,500000.0,5.97462265476542
1490,0.05,5060,2,500000.0,5.97762364573449
1491,0.05,5064,2,500000.0,5.98026258121263
1492,0.05,5068,2,500000.0,5.98253801399721
1493,0.05,5072,2,500000.0,5.98444863322534
1494,0.05,5076,2,500000.0,5.98586944933189
1495,0.05,5080,2,500000.0,5.98692305074556
1496,0.05,5084,2,500000.0,5.98748460733669
1497,0.05,5088,2,500000.0,5.98767727810912
1498,0.05,5092,2,500000.0,5.98737647153048
1499,0.05,5096,2,500000.0,5.98670584712395
1500,0.05,5100,2,500000.0,5.98566522431033
1501,0.05,5104,2,500000.0,6.03419528143443
1502,0.05,5108,2,500000.0,6.03215084341592
1503,0.05,5112,2,500000.0,6.02973044525498
1504,0.05,5116,2,500000.0,6.0268085048013
1505,0.05,5120,2,500000.0,6.02338595343245
1506,0.05,5124,2,500000.0,6.01958984456694
1507,0.05,5128,2,500000.0,6.0154212166282
1508,0.05,5132,2,500000.0,6.01075567379867
1509,0.05,5136,2,500000.0,6.05619589798946
1510,0.05,5140,2,500000.0,6.05046240373416
1511,0.05,5144,2,500000.0,6.04422963563894
1512,0.05,5148,2,500000.0,6.03762719767526
1513,0.05,5152,2,500000.0,6.0304038472486
1514,0.05,5156,2,500000.0,6.02268993778305
1515,0.05,5160,2,500000.0,6.0654945235486
1516,0.05,5164,2,500000.0,6.05667571925127
1517,0.05,5168,2,500000.0,6.04736890631257
1518,0.05,5172,2,500000.0,6.08879603379939
1519,0.05,5176,2,500000.0,6.07823469786764
1520,0.05,5180,2,500000.0,6.06719135785489
1521,0.05,5184,2,500000.0,6.10740135517502
1522,0.05,5188,2,500000.0,6.0950853833977
1523,0.05,5192,2,500000.0,6.08229633598281
1524,0.05,5196,2,500000.0,6.12093908084711
1525,0.05,5200,2,500000.0,6.10686612996977
1526,0.05,5204,2,500000.0,6.14468912975019
1527,0.05,5208,2,500000.0,6.12918811639963
1528,0.05,5212,2,500000.0,6.11323470910734
1529,0.05,5216,2,500000.0,6.14920264259965
1530,0.05,5220,2,500000.0,6.13182087478199
1531,0.05,5224,2,500000.0,6.1668549537204
1532,0.05,5228,2,500000.0,6.14803917409653
1533,0.05,5232,2,500000.0,6.18209552720576
1534,0.05,5236,2,500000.0,6.16184361470853
1535,0.05,5240,2,500000.0,6.19461015383807
1536,0.05,5244,2,500000.0,6.17292545819091
1537,0.05,5248,2,500000.0,6.20449298054552
1538,0.05,5252,2,500000.0,6.18138192107284
1539,0.05,5256,2,500000.0,6.21171128479502
1540,0.05,5260,2,500000.0,6.18704915255539
1541,0.05,5264,2,500000.0,6.21596656257262
1542,0.05,5268,2,500000.0,6.18990462608841
1543,0.05,5272,2,500000.0,6.2172392517614
1544,0.05,5276,2,500000.0,6.18952769457791
1545,0.05,5280,2,500000.0,6.2153821173497
1546,0.05,5284,2,500000.0,6.24079561731868
1547,0.05,5288,2,500000.0,6.21039384921335
1548,0.05,5292,2,500000.0,6.23413599993871
1549,0.05,5296,2,500000.0,6.20937265815489
1550,0.05,5300,2,500000.0,6.20709113408728
1551,0.05,5304,2,500000.0,6.25987407321181
1552,0.05,5308,2,500000.0,6.25757647569467
1553,0.05,5312,2,500000.0,6.25528149445939
1554,0.05,5316,2,500000.0,6.25298912457681
1555,0.05,5320,2,500000.0,6.2506993611316
1556,0.05,5324,2,500000.0,6.24841219922105
1557,0.05,5328,2,500000.0,6.24612763395536
1558,0.05,5332,2,500000.0,6.24384566045708
1559,0.05,5336,2,500000.0,6.29748096597792
1560,0.05,5340,2,500000.0,6.29518269467762
1561,0.05,5344,2,500000.0,6.29288702449998
1562,0.05,5348,2,500000.0,6.29059395057388
1563,0.05,5352,2,500000.0,6.28830346804157
1564,0.05,5356,2,500000.0,6.28601557205801
1565,0.05,5360,2,500000.0,6.28373025779054
1566,0.05,5364,2,500000.0,6.33826051631989
1567,0.05,5368,2,500000.0,6.33595865999328
1568,0.05,5372,2,500000.0,6.33365939499566
1569,0.05,5376,2,500000.0,6.33136271650017
1570,0.05,5380,2,500000.0,6.32906861969231
1571,0.05,5384,2,500000.0,6.32677709977038
1572,0.05,5388,2,500000.0,6.32448815194473
1573,0.05,5392,2,500000.0,6.32220177143889
1574,0.05,5396,2,500000.0,6.37763241748872
1575,0.05,5400,2,500000.0,6.37532925921169
1576,0.05,5404,2,500000.0,6.37302867812015
1577,0.05,5408,2,500000.0,6.37073066944261
1578,0.05,5412,2,500000.0,6.36843522841886
1579,0.05,5416,2,500000.0,6.36614235030186
1580,0.05,5420,2,500000.0,6.36385203035625
1581,0.05,5424,2,500000.0,6.36156426385903
1582,0.05,5428,2,500000.0,6.35927904609975
1583,0.05,5432,2,500000.0,6.4156157550326
1584,0.05,5436,2,500000.0,6.4133135327007
1585,0.05,5440,2,500000.0,6.41101386921972
1586,0.05,5444,2,500000.0,6.40871675988334
1587,0.05,5448,2,500000.0,6.40642219999669
1588,0.05,5452,2,500000.0,6.40413018487754
1589,0.05,5456,2,500000.0,6.40184070985492
1590,0.05,5460,2,500000.0,6.39955377027064
1591,0.05,5464,2,500000.0,6.39726936147777
1592,0.05,5468,2,500000.0,6.39498747884201
1593,0.05,5472,2,500000.0,6.45223622959226
1594,0.05,5476,2,500000.0,6.44993712480886
1595,0.05,5480,2,500000.0,6.44764055653522
1596,0.05,5484,2,500000.0,6.44534652013959
1597,0.05,5488,2,500000.0,6.4430550110024
1598,0.05,5492,2,500000.0,6.44076602451588
1599,0.05,5496,2,500000.0,6.43847955608377
1600,0.05,5500,2,500000.0,6.43619560112135
1601,0.05,5504,2,500000.0,6.43391415505627
1602,0.05,5508,2,500000.0,6.43163521332734
1603,0.05,5512,2,500000.0,6.48982229826082
1604,0.05,5516,2,500000.0,6.48752591115603
1605,0.05,5520,2,500000.0,6.48523203897956
1606,0.05,5524,2,500000.0,6.48294067717282
1607,0.05,5528,2,500000.0,6.48065182118839
1608,0.05,5532,2,500000.0,6.47836546649061
1609,0.05,5536,2,500000.0,6.47608160855513
1610,0.05,5540,2,500000.0,6.47380024286971
1611,0.05,5544,2,500000.0,6.53299332010985
1612,0.05,5548,2,500000.0,6.53069424924305
1613,0.05,5552,2,500000.0,6.52839768147761
1614,0.05,5556,2,500000.0,6.52610361230283
1615,0.05,5560,2,500000.0,6.52381203721842
1616,0.05,5564,2,500000.0,6.52152295173673
1617,0.05,5568,2,500000.0,6.51923635138007
1618,0.05,5572,2,500000.0,6.51695223168273
1619,0.05,5576,2,500000.0,6.51467058819009
1620,0.05,5580,2,500000.0,6.57487849067915
1621,0.05,5584,2,500000.0,6.57257889085184
1622,0.05,5588,2,500000.0,6.57028177833342
1623,0.05,5592,2,500000.0,6.5679871486699
1624,0.05,5596,2,500000.0,6.56569499741887
1625,0.05,5600,2,500000.0,6.56340532014877
1626,0.05,5604,2,500000.0,6.56111811243925
1627,0.05,5608,2,500000.0,6.55883336988124
1628,0.05,5612,2,500000.0,6.55655108807635
1629,0.05,5616,2,500000.0,6.61780373571361
1630,0.05,5620,2,500000.0,6.61550323964032
1631,0.05,5624,2,500000.0,6.61320521567842
1632,0.05,5628,2,500000.0,6.61090965942974
1633,0.05,5632,2,500000.0,6.60861656650688
1634,0.05,5636,2,500000.0,6.60632593253388
1635,0.05,5640,2,500000.0,6.60403775314558
1636,0.05,5644,2,500000.0,6.60175202398674
1637,0.05,5648,2,500000.0,6.59946874071427
1638,0.05,5652,2,500000.0,6.59718789899479
1639,0.05,5656,2,500000.0,6.65949546873268
1640,0.05,5660,2,500000.0,6.65719616369663
1641,0.05,5664,2,500000.0,6.65489931181729
1642,0.05,5668,2,500000.0,6.65260490876131
1643,0.05,5672,2,500000.0,6.65031295020565
1644,0.05,5676,2,500000.0,6.64802343183811
1645,0.05,5680,2,500000.0,6.6457363493578
1646,0.05,5684,2,500000.0,6.57902854472296
1647,0.05,5688,2,500000.0,6.57676948375766
1648,0.05,5692,2,500000.0,6.51141553267969
1649,0.05,5696,2,500000.0,6.5091839297979
1650,0.05,5700,2,500000.0,6.50695469362058
1651,0.05,5704,2,500000.0,6.50472781999273
1652,0.05,5708,2,500000.0,6.50250330476967
1653,0.05,5712,2,500000.0,6.69310451809342
1654,0.05,5716,2,500000.0,6.69081571224048
1655,0.05,5720,2,500000.0,6.62299855954528
1656,0.05,5724,2,500000.0,6.62073799093153
1657,0.05,5728,2,500000.0,6.61847980740389
1658,0.05,5732,2,500000.0,6.55207721187259
1659,0.05,5736,2,500000.0,6.54984666055737
1660,0.05,5740,2,500000.0,6.54761845812481
1661,0.05,5744,2,500000.0,6.54539260048075
1662,0.05,5748,2,500000.0,6.54316908354035
1663,0.05,5752,2,500000.0,6.47818811683318
1664,0.05,5756,2,500000.0,6.47599158286729
1665,0.05,5760,2,500000.0,6.47379735434086
1666,0.05,5764,2,500000.0,6.47160542724938
1667,0.05,5768,2,500000.0,6.46941579759715
1668,0.05,5772,2,500000.0,6.59379601998749
1669,0.05,5776,2,500000.0,6.59156613541509
1670,0.05,5780,2,500000.0,6.58933858255238
1671,0.05,5784,2,500000.0,6.52326209367924
1672,0.05,5788,2,500000.0,6.5210617612939
1673,0.05,5792,2,500000.0,6.51886372533078
1674,0.05,5796,2,500000.0,6.51666798182304
1675,0.05,5800,2,500000.0,6.51447452681253
1676,0.05,5804,2,500000.0,6.51228335635087
1677,0.05,5808,2,500000.0,6.51009446649982
1678,0.05,5812,2,500000.0,6.50790785332998
1679,0.05,5816,2,500000.0,6.44331800086203
1680,0.05,5820,2,500000.0,6.44115787871136
1681,0.05,5824,2,500000.0,6.43899999906949
1682,0.05,5828,2,500000.0,6.43684435808265
1683,0.05,5832,2,500000.0,6.4346909519073
1684,0.05,5836,2,500000.0,6.43253977670879
1685,0.05,5840,2,500000.0,6.43039082866171
1686,0.05,5844,2,500000.0,6.75252544834341
1687,0.05,5848,2,500000.0,6.68275100661512
1688,0.05,5852,2,500000.0,6.68051899056651
1689,0.05,5856,2,500000.0,6.48400425509237
1690,0.05,5860,2,500000.0,6.48184465903661
1691,0.05,5864,2,500000.0,6.47968728943297
1692,0.05,5868,2,500000.0,6.47753214248278
1693,0.05,5872,2,500000.0,6.805566799353
1694,0.05,5876,2,500000.0,6.73452709430865
1695,0.05,5880,2,500000.0,6.73228770705704
1696,0.05,5884,2,500000.0,6.73005061935255
1697,0.05,5888,2,500000.0,6.72781582728495
1698,0.05,5892,2,500000.0,6.72558332695383
1699,0.05,5896,2,500000.0,6.40053728632138
1700,0.05,5900,2,500000.0,6.85985152170491
1701,0.05,5904,2,500000.0,6.78750687303505
1702,0.05,5908,2,500000.0,6.78525977418185
1703,0.05,5912,2,500000.0,6.78301497160964
1704,0.05,5916,2,500000.0,6.78077246143176
1705,0.05,5920,2,500000.0,6.77853223977158
1706,0.05,5924,2,500000.0,6.7078053617333
1707,0.05,5928,2,500000.0,6.8439846809475
1708,0.05,5932,2,500000.0,6.77182526726471
1709,0.05,5936,2,500000.0,6.91085639789351
1710,0.05,5940,2,500000.0,6.83721920171921
1711,0.05,5944,2,500000.0,6.97919329704668
1712,0.05,5948,2,500000.0,6.90403113461705
1713,0.05,5952,2,500000.0,6.97460005777013
1714,0.05,5956,2,500000.0,6.97230693130373
1715,0.05,5960,2,500000.0,7.04440838629858
1716,0.05,5964,2,500000.0,7.43990094685642
1717,0.05,5968,2,500000.0,7.522604279947
1718,0.05,5972,2,500000.0,7.35184377456644
1719,0.05,5976,2,500000.0,7.43256615550895
1720,0.05,5980,2,500000.0,7.51518993117889
1721,0.05,5984,2,500000.0,7.78026610307479
1722,0.05,5988,2,500000.0,7.77771126427876
1723,0.05,5992,2,500000.0,7.77515899697181
1724,0.05,5996,2,500000.0,7.7726092968626
1725,0.05,6000,2,500000.0,7.77006215966874
